variant,n_obs,n_benchmarks,bayes_cov_all,cqr_cov_median,cqr_cov_q25,cqr_cov_q75,Q_median,Q_q25,Q_q75,crps,rmse,_crps_obs,_sq_err_obs
Harvey Joint (skew),431,43,0.7354988399071926,0.7933513355714494,0.7217741935483871,0.8697406448222798,0.01347053344171013,0.006440950645808293,0.02246630150738862,0.0559702196631427,0.10803194759848055,"[0.04353663 0.03554131 0.03633214 0.04622068 0.03626532 0.04267
 0.05212384 0.05085537 0.0410535  0.03512273 0.05557464 0.05321741
 0.03327328 0.02805256 0.11065742 0.04816161 0.061246   0.05601348
 0.04055118 0.04743115 0.05167484 0.07903877 0.12209307 0.05525989
 0.06866624 0.09026464 0.10204498 0.08196605 0.02309076 0.04368466
 0.04082528 0.03028777 0.069237   0.03524565 0.03417575 0.04764331
 0.04295281 0.05048216 0.06142518 0.09615473 0.04282792 0.06357513
 0.07121713 0.02485309 0.03115437 0.02849513 0.06295991 0.02797984
 0.0202991  0.11297001 0.03520243 0.04088486 0.03252691 0.04807401
 0.03513878 0.05475268 0.05617097 0.04756375 0.05630151 0.06191662
 0.06623072 0.0535393  0.05642681 0.05573308 0.02164381 0.0203696
 0.07631276 0.05649492 0.09334812 0.07582714 0.18966821 0.36159466
 0.42023576 0.44623601 0.39977549 0.01992153 0.02757012 0.07917969
 0.02801348 0.0462626  0.04389318 0.08309475 0.04351101 0.10204057
 0.06196856 0.07281796 0.06818924 0.07433562 0.06434481 0.11776871
 0.08918346 0.08440381 0.09589993 0.09611715 0.11074615 0.08728562
 0.09794265 0.0910345  0.09052747 0.10047944 0.01239431 0.01080296
 0.01064091 0.0147798  0.05559373 0.02684769 0.01863864 0.0650161
 0.02160088 0.02780831 0.03961722 0.1123917  0.0485615  0.05208464
 0.08725979 0.07415872 0.02331619 0.12671845 0.05920352 0.04634383
 0.06993825 0.07374117 0.07303142 0.05080884 0.07486324 0.05894509
 0.0583162  0.06738626 0.05804153 0.06706706 0.05896864 0.05022861
 0.04863345 0.04002725 0.04847021 0.03837752 0.02102049 0.02008739
 0.06551753 0.06389327 0.09622465 0.06601872 0.04667524 0.06528958
 0.06374263 0.06817221 0.04938894 0.02948725 0.06628107 0.04867698
 0.032687   0.02886913 0.05643779 0.05462222 0.04377663 0.03859719
 0.02665727 0.02883048 0.03050426 0.03322383 0.02954402 0.02299263
 0.04552311 0.02568024 0.02459519 0.06107779 0.0223787  0.03912201
 0.03924945 0.0430043  0.0138974  0.0291074  0.03940815 0.03635377
 0.04678824 0.03249846 0.10982494 0.02450959 0.02815621 0.04340806
 0.02147915 0.01982116 0.01864659 0.09341891 0.08526661 0.04201276
 0.06827415 0.085993   0.07193016 0.07745817 0.05032572 0.0333789
 0.0547504  0.06599959 0.03756867 0.02877487 0.02085603 0.06799396
 0.01728776 0.01984288 0.02069102 0.01975392 0.12472415 0.02439999
 0.09238176 0.03121081 0.09601431 0.09622845 0.07388546 0.10370454
 0.10382863 0.09641499 0.18494219 0.09995341 0.16248267 0.14066274
 0.13079815 0.14677493 0.14449523 0.16391384 0.19320827 0.16792314
 0.20863555 0.2044873  0.19456858 0.22264014 0.01630957 0.01409346
 0.01291288 0.01526766 0.01584673 0.01499485 0.01779716 0.01383376
 0.01938995 0.01432074 0.08432206 0.06086402 0.11048916 0.07339648
 0.08235124 0.08476855 0.05778254 0.05197867 0.0498471  0.03845406
 0.09948938 0.13853064 0.12260126 0.11359276 0.12445916 0.1188207
 0.14515854 0.10797927 0.12719676 0.12478785 0.16273554 0.16294363
 0.1823478  0.15854794 0.22551056 0.00704032 0.00687455 0.00664616
 0.01135951 0.01305994 0.01035444 0.01403242 0.01473953 0.01391268
 0.0087372  0.01342822 0.01052596 0.01050679 0.0124689  0.01159231
 0.03289476 0.02233793 0.0208589  0.0182324  0.00977885 0.00929826
 0.01239705 0.00930992 0.02514966 0.01617406 0.01514489 0.01363498
 0.01753445 0.01606891 0.0175364  0.01421601 0.01395848 0.01163148
 0.01192056 0.01020713 0.01011803 0.00982989 0.0090871  0.00790501
 0.01533562 0.0195511  0.01805725 0.00843564 0.01558687 0.01502854
 0.04193349 0.02168569 0.01810832 0.04931817 0.03439424 0.05541924
 0.03537737 0.09336157 0.05437978 0.06563829 0.04623842 0.05979012
 0.08739921 0.03065643 0.03208919 0.02928946 0.02684137 0.03179643
 0.02435621 0.01957998 0.01776412 0.03000198 0.01651226 0.01357444
 0.01156826 0.01572828 0.00889215 0.0083471  0.01681886 0.01512994
 0.03248099 0.03224548 0.01773228 0.03186321 0.02237789 0.02218229
 0.01537215 0.02153296 0.027097   0.02781642 0.03851073 0.05144918
 0.0331706  0.02968445 0.03225625 0.0615881  0.03827502 0.03644992
 0.048802   0.0334882  0.03251226 0.0319529  0.03547355 0.03072412
 0.02461407 0.06209365 0.06614602 0.02985536 0.03231531 0.08756682
 0.04295258 0.08025811 0.03052462 0.03064384 0.03021747 0.02946755
 0.02924215 0.04819103 0.07160427 0.04419047 0.05208308 0.05531814
 0.05612574 0.01428623 0.04393257 0.06066643 0.13696828 0.08659915
 0.15411933 0.06158748 0.32301816 0.24041738 0.13909786 0.01396792
 0.01949959 0.01388418 0.05422759 0.02611557 0.01848134 0.01824144
 0.03125379 0.01544078 0.04047871 0.01193735 0.01392577 0.01200007
 0.01179147 0.0122901  0.01117839 0.01147215 0.025681   0.02007136
 0.01895693 0.02219249 0.033383   0.02896281 0.02889575 0.02876878
 0.04511491 0.03564968 0.03511226 0.07198682 0.02898573 0.05728416
 0.02643743 0.02419574 0.0233081  0.02371399 0.02611802 0.02046793
 0.05445069 0.03111479 0.04206804 0.04252847 0.04700164]","[4.33609924e-03 1.31709206e-03 1.15806370e-03 3.25258083e-03
 5.33504076e-05 4.25269565e-03 4.07217713e-03 9.23369191e-03
 4.55789926e-03 8.77293667e-05 1.22456090e-02 9.79662275e-03
 3.55257145e-03 2.04656710e-03 2.80535912e-02 8.83414052e-03
 1.20330528e-02 1.04676604e-02 4.80074140e-03 7.53655930e-03
 9.48701138e-03 2.02845651e-02 3.85901540e-02 1.06903285e-02
 1.65524863e-02 2.53780294e-02 3.03472803e-02 2.23554856e-02
 2.49335388e-04 5.20628161e-03 4.31498335e-03 5.57952446e-04
 1.19507262e-02 1.57620762e-03 1.28069090e-05 3.45908174e-03
 9.36341618e-04 3.71362663e-03 8.89093507e-03 2.10665794e-02
 4.30597592e-03 1.01364792e-02 1.29746592e-02 1.38113106e-05
 7.55168557e-04 1.66244139e-03 1.35448571e-02 7.33692064e-06
 5.89693938e-05 2.73830579e-02 2.04573134e-03 4.67970355e-03
 4.50575729e-05 3.39401139e-03 1.74933058e-04 6.43781946e-03
 3.97815494e-03 1.12413318e-03 3.78316671e-03 7.11000747e-03
 9.98822437e-03 1.71649356e-03 7.20796577e-04 6.78937671e-03
 4.29846808e-04 1.95421554e-04 1.34907463e-02 7.77451678e-03
 1.97025413e-02 1.35173073e-02 6.84000457e-02 2.01159653e-01
 2.65972529e-01 3.01331991e-01 2.54127753e-01 2.09539197e-04
 1.40981224e-03 1.46658567e-02 2.52643626e-03 6.47959566e-03
 6.03624212e-03 1.58245882e-02 5.90052825e-03 2.12909605e-02
 1.03771731e-02 1.31625698e-02 1.17697023e-02 1.34093496e-02
 1.08863853e-02 2.58370079e-02 1.71394262e-02 1.58791915e-02
 1.90439717e-02 1.88953687e-02 2.30211748e-02 1.62164813e-02
 1.91732058e-02 1.70651530e-02 1.67621778e-02 1.93257036e-02
 2.33161198e-04 5.24704582e-05 1.54304952e-05 4.23086254e-04
 6.52998965e-03 1.75160381e-03 5.71885445e-04 8.28391053e-03
 7.33080353e-05 1.37681033e-03 8.02570898e-04 2.34935860e-02
 1.75101752e-04 5.98327985e-04 9.94770057e-03 3.46961063e-03
 7.13271174e-04 3.90100821e-02 9.05244234e-03 4.41271333e-03
 1.35883312e-02 1.40876127e-02 1.33091298e-02 7.23138253e-04
 1.87006120e-02 4.95261672e-03 3.16337096e-06 1.90925105e-02
 1.02136150e-02 2.28416639e-02 1.62438821e-02 1.21545929e-02
 1.29526260e-02 8.93038603e-03 1.64187030e-02 9.01349712e-03
 1.07573862e-03 4.20750243e-04 1.05405854e-02 1.02414047e-02
 1.85976590e-02 1.07144147e-02 6.39050726e-03 1.05752309e-02
 1.01560248e-02 1.12362762e-02 6.91011781e-03 3.01972193e-03
 1.04789135e-02 6.67073648e-03 3.67135714e-03 3.01647318e-03
 7.98236002e-03 7.59199627e-03 5.56329619e-03 4.56706802e-03
 2.51290034e-03 2.81586360e-03 3.02813824e-03 3.40981575e-03
 2.81026490e-03 2.98317027e-04 4.44331101e-03 9.91269668e-04
 4.73925022e-04 1.18648387e-02 9.18395995e-04 3.44003119e-03
 3.47654498e-03 4.08590371e-03 1.03181368e-05 1.83107595e-03
 5.07799776e-03 4.03676554e-03 7.48045747e-03 2.59283534e-03
 2.94099702e-02 1.21258748e-03 2.54516418e-03 6.75075280e-03
 1.86423371e-05 1.75155599e-05 7.97094199e-04 1.50418995e-02
 1.29597386e-02 4.52336922e-03 8.48622522e-03 1.17187561e-02
 8.85415205e-03 9.68658412e-03 8.04267173e-03 1.35750578e-03
 6.79191269e-03 9.58082903e-03 4.38380029e-03 2.84757591e-03
 4.21568994e-04 1.14907583e-02 2.26075868e-04 5.00191682e-04
 6.24815430e-04 3.04745496e-04 2.83907798e-02 1.24463415e-03
 1.80070568e-02 2.54326397e-03 1.90362846e-02 1.93899792e-02
 1.26009624e-02 2.23433872e-02 2.26309028e-02 2.00742004e-02
 5.85425119e-02 2.13799009e-02 4.79901258e-02 3.84178068e-02
 3.44103750e-02 4.14899108e-02 4.03929707e-02 5.01550424e-02
 6.60207038e-02 5.29615441e-02 7.60770880e-02 7.47496934e-02
 6.88455741e-02 8.59019569e-02 8.34779823e-04 4.21354403e-05
 7.38540316e-06 1.43381348e-04 2.05368352e-04 1.36214127e-04
 3.99656737e-04 8.63969315e-05 6.03063588e-04 1.31172566e-04
 1.78755261e-02 1.09712239e-02 2.66838467e-02 1.39293014e-02
 1.60230100e-02 1.66923169e-02 9.12796360e-03 7.28477313e-03
 6.87185571e-03 4.65737125e-03 1.90868232e-02 3.17795463e-02
 2.62912947e-02 2.33328702e-02 2.69035444e-02 2.50329017e-02
 3.44682038e-02 2.20500420e-02 2.82655217e-02 2.76418505e-02
 4.18331322e-02 4.21496600e-02 5.05690633e-02 4.05077918e-02
 7.25766519e-02 1.45104191e-05 2.64852755e-08 3.80953172e-06
 4.43843055e-04 5.75205752e-04 3.48882062e-04 6.22323829e-04
 6.80265295e-04 5.87916750e-04 2.12090376e-04 5.00656469e-04
 3.19430824e-04 3.17229659e-04 4.37464994e-04 3.77329658e-04
 2.43448269e-03 1.34429425e-03 1.93075731e-04 9.34137894e-07
 1.83500805e-04 1.12212399e-07 5.36402909e-04 1.46010586e-04
 2.27914842e-03 3.74833314e-04 2.63732315e-04 4.36796410e-05
 4.22599759e-04 3.49791865e-04 1.10035359e-03 1.94494381e-04
 6.05633246e-04 3.12339093e-05 3.48659250e-04 5.14977359e-05
 1.32088091e-04 1.35147804e-05 6.98269305e-06 3.33393682e-05
 4.87060338e-04 8.32760634e-04 7.02918844e-04 5.93729419e-05
 5.13637873e-04 4.79514702e-04 5.94058015e-03 1.46684719e-03
 7.19096615e-04 7.01299686e-03 4.14480756e-03 7.96676280e-03
 4.22469413e-03 1.64233927e-02 6.39506591e-03 1.02313609e-02
 3.85514357e-03 1.17577106e-02 1.79010544e-02 5.03285354e-07
 2.87900485e-03 8.97583328e-04 1.45546100e-04 9.59160006e-04
 1.56253375e-04 7.29442228e-06 6.09513971e-04 1.49952072e-03
 1.41913693e-04 8.74583494e-04 5.81427044e-04 2.78226006e-04
 1.60195548e-05 1.77494771e-04 1.15031706e-03 8.99548254e-04
 2.59003523e-03 2.55688726e-03 1.03368722e-03 2.35397789e-03
 1.02907307e-03 9.95453000e-04 2.33030200e-04 5.69937022e-05
 1.33350472e-03 1.22903932e-03 4.00684455e-03 8.10417898e-03
 2.06090809e-03 3.79533377e-04 1.17837988e-03 1.25794353e-02
 1.19375914e-03 4.52017287e-04 8.57923346e-03 8.97250228e-04
 1.09073253e-03 3.47640188e-04 3.91067051e-03 1.05029222e-03
 1.24045012e-04 9.45270735e-03 1.28052520e-02 1.81177532e-03
 2.33857958e-03 2.18601747e-02 5.84627886e-03 2.00637830e-02
 3.55398304e-04 1.43913614e-04 2.66342706e-05 1.13268660e-04
 4.89919691e-04 5.69767109e-03 1.44783465e-02 2.31922058e-03
 5.14333097e-03 2.97884652e-03 3.33352735e-03 1.27447024e-04
 4.87064510e-03 8.15311524e-03 3.08926898e-02 1.48139536e-02
 4.29186141e-02 6.75673065e-03 1.61832172e-01 1.02251372e-01
 4.11113998e-02 5.06349538e-05 1.15929734e-03 1.97240958e-04
 7.25759360e-03 2.18996831e-03 9.31188406e-04 7.86304174e-04
 2.98204659e-03 2.54275778e-05 4.28808321e-03 1.21431814e-05
 1.13772594e-04 4.95985882e-06 2.33278047e-06 2.76846283e-05
 7.97578998e-06 4.62336067e-07 1.94150218e-03 1.12400049e-05
 2.52594761e-05 1.22026347e-03 1.81083669e-03 6.61880905e-04
 7.01055696e-04 3.89384017e-04 4.38256481e-03 1.85412454e-03
 1.99053046e-03 1.20962423e-02 5.40828539e-04 7.57316378e-03
 1.75240388e-04 7.65465050e-04 1.88367657e-04 1.74467158e-05
 2.19787142e-03 1.95760157e-04 9.80416047e-03 3.97752367e-03
 6.72591860e-03 6.66023446e-03 7.77225203e-03]"
Harvey Joint (normal),431,43,0.7888631090487239,0.8007241207105658,0.7457757654966393,0.8570337631443787,0.0031529231842389524,-0.003140913901525405,0.008534765423794435,0.05620880684682149,0.10796938066615103,"[0.04431274 0.03543462 0.03739054 0.0475927  0.03565843 0.0391814
 0.05825741 0.04507367 0.03732435 0.03514294 0.04783336 0.05770491
 0.03546954 0.03225583 0.10399905 0.047116   0.05787719 0.05082996
 0.04945875 0.05932584 0.06230301 0.08789746 0.13145769 0.0659086
 0.07903276 0.09938271 0.10741469 0.08769379 0.02359319 0.03860243
 0.04958858 0.0302394  0.05340841 0.04822692 0.03977024 0.04094805
 0.04467169 0.04431926 0.04810294 0.09569184 0.04303754 0.06479001
 0.07163475 0.02622111 0.02790942 0.03390081 0.07508113 0.02838497
 0.02664483 0.15238189 0.05826821 0.02910955 0.04940991 0.09353536
 0.05420222 0.04776532 0.12137251 0.06959681 0.12728032 0.14461441
 0.15585333 0.11942575 0.08775903 0.13968881 0.02442564 0.01794794
 0.08995924 0.06843321 0.10944758 0.08938664 0.21356375 0.39041252
 0.446976   0.47399758 0.42777084 0.02504962 0.03788753 0.06014961
 0.02193107 0.03302958 0.03146904 0.06105614 0.03057148 0.07703988
 0.04115368 0.04837558 0.04446593 0.04828644 0.03930584 0.08462349
 0.05809854 0.0538407  0.06344166 0.06313588 0.07640718 0.05603158
 0.06641161 0.05751677 0.05719748 0.06714922 0.009631   0.01113723
 0.00912392 0.01752049 0.06166391 0.03198203 0.01955847 0.07141318
 0.02668636 0.03123924 0.04860191 0.11828898 0.05862816 0.06264202
 0.09732373 0.08514805 0.02771465 0.12196541 0.06280864 0.05148384
 0.0747598  0.07560319 0.0736445  0.05869573 0.07358208 0.06389247
 0.06828462 0.06469473 0.06000102 0.06176167 0.0565354  0.05000529
 0.04725823 0.04017151 0.04264549 0.03785506 0.02332702 0.01709318
 0.07109385 0.06981719 0.10237176 0.06966185 0.05055052 0.07047711
 0.06904839 0.07286019 0.05221337 0.03158781 0.06713801 0.04881984
 0.03328663 0.02919854 0.05486978 0.05192694 0.04282271 0.03629803
 0.02428036 0.02588767 0.02666762 0.02931529 0.0256297  0.02734675
 0.03450572 0.05148852 0.04994394 0.10389021 0.02931991 0.05246737
 0.05122492 0.05888045 0.0185827  0.04147608 0.06108277 0.05760337
 0.07391032 0.0590911  0.13990678 0.03460381 0.03960071 0.05261186
 0.0276041  0.0261738  0.02737663 0.07417068 0.06584755 0.0304032
 0.04974104 0.06586838 0.05317584 0.05849777 0.04409832 0.04162494
 0.0653898  0.0792536  0.04080823 0.02549014 0.02644033 0.05241935
 0.01890564 0.02141656 0.02018665 0.0224655  0.10996232 0.02177364
 0.08079958 0.02694046 0.08387824 0.08109558 0.05757474 0.08309083
 0.08470325 0.07553639 0.15603322 0.07713184 0.13337414 0.11273727
 0.10200532 0.11682467 0.11353081 0.13124522 0.15703907 0.13111327
 0.16933924 0.1616692  0.1537899  0.17924155 0.02013053 0.01540255
 0.01511086 0.01620497 0.01672427 0.01633369 0.01789765 0.01576292
 0.01952637 0.01625396 0.08491019 0.06198229 0.10823925 0.07111049
 0.08121079 0.0811811  0.05535562 0.04726103 0.0449737  0.03388848
 0.08830416 0.12324169 0.1072613  0.096624   0.10560358 0.09763462
 0.12551852 0.08653742 0.10185664 0.10056222 0.13858559 0.13617339
 0.15182744 0.12846036 0.19344011 0.01203461 0.0129715  0.01228003
 0.00962741 0.00962207 0.00933515 0.00924115 0.009317   0.00852097
 0.00747378 0.0074488  0.00707683 0.00702757 0.00725431 0.00714202
 0.04192098 0.02313318 0.03144925 0.02693797 0.01203878 0.01369491
 0.01178097 0.01154301 0.02458421 0.0217141  0.0210072  0.02066287
 0.01700843 0.01718795 0.01744585 0.01491247 0.01386405 0.01284588
 0.01199338 0.01088456 0.01055632 0.01101349 0.01129678 0.00914298
 0.02121502 0.0256383  0.02438135 0.01261588 0.02223301 0.02158934
 0.03349627 0.02238318 0.02103269 0.03489085 0.02553781 0.03767172
 0.02484845 0.06615389 0.04800736 0.05843179 0.04009609 0.06860702
 0.07557809 0.02983964 0.03825044 0.03178954 0.02556826 0.02837212
 0.02331528 0.02010666 0.02066238 0.02869856 0.01674347 0.0152906
 0.01288509 0.01632913 0.01007369 0.00964672 0.01585205 0.01417243
 0.02995345 0.03044166 0.01624891 0.02898745 0.0243695  0.0242412
 0.01799385 0.02242286 0.03043196 0.02961653 0.04217004 0.05508525
 0.03560619 0.03158267 0.03419042 0.06333628 0.03845121 0.03777669
 0.04968073 0.03491128 0.0340485  0.03396314 0.03634647 0.03172114
 0.02262419 0.04802094 0.08283795 0.04186126 0.04429603 0.11254753
 0.05925379 0.10627795 0.03601338 0.03516995 0.03272174 0.03281236
 0.03493566 0.04055807 0.08110722 0.04797584 0.06023672 0.05703404
 0.05817374 0.01454359 0.05057707 0.07039866 0.14896036 0.09742486
 0.1716751  0.07669231 0.34499873 0.25971046 0.15978574 0.0149627
 0.01696742 0.01344204 0.04764979 0.02258486 0.0165087  0.016267
 0.02619858 0.01609048 0.04997505 0.01823177 0.02194277 0.01958725
 0.01859669 0.02027376 0.01798155 0.01918294 0.02396748 0.02705339
 0.02667796 0.02276532 0.03808426 0.03423825 0.03513177 0.03406186
 0.05395358 0.04447521 0.0458344  0.09061475 0.03805724 0.07332685
 0.03565854 0.02598674 0.02833157 0.03198054 0.02317821 0.02562194
 0.03679716 0.02335355 0.02778608 0.02708196 0.02981464]","[5.03559592e-03 1.67640304e-03 1.72225734e-03 4.25083744e-03
 2.48244861e-05 2.65978749e-03 6.15762004e-03 6.59881562e-03
 2.63932999e-03 1.56703885e-05 8.76656002e-03 1.07051919e-02
 3.33466515e-03 2.44087110e-03 2.67574195e-02 8.00435883e-03
 1.12431259e-02 9.23246879e-03 6.88999828e-03 1.05087348e-02
 1.17148871e-02 2.31103376e-02 4.41766962e-02 1.39400412e-02
 1.97531605e-02 2.94101975e-02 3.33897515e-02 2.51437898e-02
 2.17732204e-05 2.98895420e-03 7.84910256e-03 8.18325687e-06
 5.34734044e-03 5.87741236e-03 1.64822569e-03 2.60038993e-04
 3.21360149e-04 1.38771161e-04 1.79942654e-03 2.14032985e-02
 4.86444935e-03 1.13427235e-02 1.37390212e-02 2.10956819e-04
 1.88296940e-04 2.87893906e-03 1.70235411e-02 1.05761108e-04
 7.54098960e-04 4.24686617e-02 7.38427236e-03 1.35574331e-05
 4.02322306e-03 1.90576561e-02 4.71530751e-03 8.45608161e-04
 3.30140977e-02 7.64509381e-03 3.78260057e-02 4.89125515e-02
 5.79566871e-02 3.62968106e-02 1.55334675e-02 5.32235161e-02
 8.56637028e-04 5.10970388e-05 1.71031434e-02 1.02947421e-02
 2.43644588e-02 1.75238779e-02 7.96128843e-02 2.22872561e-01
 2.90180933e-01 3.29284256e-01 2.78403362e-01 1.22662450e-03
 3.90802439e-03 9.55280151e-03 6.19359575e-04 3.06004355e-03
 2.79843845e-03 9.95877772e-03 2.66569604e-03 1.41075430e-02
 5.23081451e-03 6.93039619e-03 6.05428887e-03 6.98527773e-03
 5.03459749e-03 1.60362055e-02 9.31323410e-03 8.22288163e-03
 1.05467185e-02 1.04976347e-02 1.36352736e-02 8.64852991e-03
 1.09230891e-02 8.91302286e-03 8.73545286e-03 1.08538591e-02
 2.33365471e-04 8.86070385e-05 4.11053367e-06 5.06948731e-04
 6.89012865e-03 1.93459847e-03 5.64222452e-04 8.16241538e-03
 6.61905045e-05 1.57564470e-03 6.97218862e-04 2.18535459e-02
 7.14724788e-05 9.38758378e-04 8.82854060e-03 2.74107761e-03
 6.65306548e-04 4.14450409e-02 7.82354129e-03 3.53292624e-03
 1.68670999e-02 1.08583400e-02 9.76509701e-03 1.31991499e-04
 1.41152507e-02 2.80591812e-03 3.25865221e-04 1.45007758e-02
 6.43112401e-03 1.72026050e-02 1.14525880e-02 8.49087188e-03
 8.88463857e-03 5.41048996e-03 1.17776122e-02 5.58634665e-03
 1.30106574e-03 2.14546662e-04 1.12858333e-02 1.10996457e-02
 2.00607831e-02 1.12308401e-02 6.79706958e-03 1.15565796e-02
 1.10809244e-02 1.20648198e-02 7.33573837e-03 3.15892605e-03
 1.07284257e-02 6.61250516e-03 3.50376407e-03 2.85166984e-03
 7.83799448e-03 7.20535088e-03 5.32011705e-03 4.12411030e-03
 2.09021059e-03 2.37208233e-03 2.49876169e-03 2.87190274e-03
 2.26292803e-03 4.13202630e-04 2.60655683e-04 6.76881059e-03
 6.14140948e-03 2.91176075e-02 2.26960365e-03 6.28759289e-03
 6.06754906e-03 7.36691988e-03 6.43398381e-04 4.08994402e-03
 1.00987279e-02 8.55993167e-03 1.46692529e-02 9.05211034e-03
 4.53824684e-02 2.10077695e-03 4.09714318e-03 8.42345260e-03
 4.60455696e-05 1.82165999e-05 1.35367596e-03 1.15683234e-02
 9.55881446e-03 2.66986639e-03 5.71308742e-03 8.50422560e-03
 6.14197713e-03 6.80926259e-03 4.75900619e-03 3.32254339e-03
 9.48052718e-03 1.33348680e-02 3.49756500e-03 1.53947604e-03
 1.51820708e-03 7.57494006e-03 2.21566399e-05 9.84579596e-04
 1.65588044e-04 1.01836712e-03 2.30556495e-02 4.62006436e-04
 1.40319268e-02 1.14477994e-03 1.51445828e-02 1.45164242e-02
 7.78458546e-03 1.55082307e-02 1.59534787e-02 1.29351618e-02
 4.54514534e-02 1.37051122e-02 3.52868992e-02 2.69036880e-02
 2.27647950e-02 2.88208214e-02 2.76801836e-02 3.60410936e-02
 4.84380638e-02 3.62350403e-02 5.59813578e-02 5.25385112e-02
 4.79733717e-02 6.26395018e-02 9.42742702e-04 1.67202697e-05
 1.19332668e-05 9.78437651e-05 1.48472495e-04 1.08796275e-04
 3.53874459e-04 6.56470342e-05 5.48090078e-04 1.42816643e-04
 1.87100816e-02 1.11671288e-02 2.66803402e-02 1.36606389e-02
 1.63971679e-02 1.64740720e-02 8.96141893e-03 6.61537460e-03
 6.17925236e-03 3.23054114e-03 1.56074258e-02 2.65634116e-02
 2.15046585e-02 1.82984054e-02 2.11356539e-02 1.88978482e-02
 2.77170577e-02 1.59777108e-02 2.07001535e-02 2.02633379e-02
 3.30983663e-02 3.26168227e-02 3.88947132e-02 3.04048970e-02
 5.79701852e-02 1.93473828e-04 3.53094921e-04 2.69905516e-04
 3.98553119e-06 2.80044619e-05 4.33670388e-10 3.66408095e-05
 3.85923994e-05 2.85477273e-05 1.42433294e-05 2.25821050e-05
 5.74031705e-07 4.91775492e-07 1.04914482e-05 3.58305751e-06
 4.25625840e-03 8.87274931e-05 1.79240668e-03 7.37263374e-04
 2.81958941e-07 1.82473472e-04 7.31141701e-05 9.88562282e-06
 9.54264493e-04 9.34671434e-06 7.50295202e-08 1.43876811e-04
 5.46683498e-04 5.82482268e-04 8.35693977e-04 3.72480840e-04
 3.70999996e-04 1.24467877e-04 1.49600852e-04 4.86542797e-11
 2.53756241e-05 1.46765341e-05 1.47820981e-04 1.31007870e-05
 1.08809572e-03 1.50492461e-03 1.37106814e-03 3.25773031e-04
 1.15441581e-03 1.11369547e-03 3.31511387e-03 4.76109257e-04
 6.79785659e-05 3.96111822e-03 1.85396496e-03 4.57186108e-03
 1.87755988e-03 1.11508195e-02 4.29540792e-03 7.91508732e-03
 1.79344036e-03 1.51156226e-02 1.35760254e-02 2.14207819e-04
 4.68337379e-03 1.73685178e-03 1.55310221e-06 3.80688900e-04
 1.86980430e-05 1.04633659e-04 1.08209308e-03 1.32967074e-03
 1.04861268e-04 1.01530598e-03 5.93616830e-04 2.78138953e-04
 1.78088749e-05 1.78966084e-04 1.05790112e-03 7.84557158e-04
 2.42533000e-03 2.52818905e-03 9.28635940e-04 2.14131998e-03
 1.61143275e-03 1.53489534e-03 6.38463810e-04 1.05874842e-04
 1.71913389e-03 1.36504756e-03 4.63478284e-03 8.66331334e-03
 2.27787478e-03 5.28803325e-04 1.44395959e-03 1.28234053e-02
 1.09243661e-03 5.04646083e-04 8.08215063e-03 7.49821023e-04
 8.68809990e-04 2.21403465e-04 3.32622286e-03 6.99919312e-04
 3.69116316e-05 6.55166744e-03 1.66856052e-02 4.49314953e-03
 5.16046763e-03 3.06971991e-02 1.04113038e-02 2.91476559e-02
 2.03734942e-03 1.35806767e-03 8.17486497e-04 1.07904362e-03
 1.93278251e-03 4.47797577e-03 1.67032014e-02 3.46804558e-03
 7.44901321e-03 3.68770374e-03 3.79462753e-03 2.16510017e-04
 5.33160908e-03 9.34098122e-03 3.35960695e-02 1.65780838e-02
 4.88925612e-02 1.02551165e-02 1.77986977e-01 1.14002318e-01
 4.94818499e-02 3.10021719e-04 4.96962412e-04 1.38051273e-05
 5.45887220e-03 1.25215885e-03 3.37021749e-04 2.56405859e-04
 1.74677266e-03 7.88813692e-05 6.96280267e-03 2.26592474e-04
 8.31101900e-04 5.15282528e-04 3.83814067e-04 6.66044677e-04
 3.49067736e-04 4.71736298e-04 3.10017830e-04 7.66746477e-04
 5.76623422e-04 2.78260846e-05 3.10902297e-03 1.71738062e-03
 1.89154577e-03 1.32163302e-03 7.20468246e-03 4.15947454e-03
 4.60601176e-03 1.88782029e-02 2.27327446e-03 1.26256050e-02
 1.50483033e-03 4.82763101e-09 1.65789256e-04 9.36565721e-04
 4.06588768e-04 1.89345341e-04 5.33849411e-03 1.48613860e-03
 3.11511573e-03 3.15231416e-03 3.81231033e-03]"
Harvey Independent (skew),431,43,0.7308584686774942,0.7995866999292549,0.6967750717750718,0.8913698271346254,0.023045452348552268,0.005398824506986075,0.04315831124695628,0.06018197422414911,0.11335337639411061,"[0.05562678 0.046252   0.04874438 0.06581298 0.04365605 0.03544652
 0.07702681 0.0345686  0.03411612 0.04420409 0.03441667 0.03791284
 0.02471235 0.02292501 0.0905218  0.03324815 0.04533967 0.04094375
 0.02780106 0.02775702 0.02907471 0.03675652 0.06237449 0.02796206
 0.03032537 0.03818256 0.04470658 0.03226743 0.02569194 0.06210206
 0.02597704 0.04577434 0.11481436 0.03587036 0.0498892  0.08725589
 0.08242658 0.10020181 0.12264378 0.12468492 0.06470958 0.09517331
 0.10650493 0.03219378 0.05072228 0.0255697  0.0304009  0.04514606
 0.02079026 0.09197424 0.03204498 0.05822605 0.04220304 0.04549883
 0.04844782 0.08739684 0.05810709 0.07573026 0.0624702  0.06032145
 0.06006497 0.06825271 0.09207889 0.05679707 0.02130571 0.0209103
 0.07394607 0.05520207 0.08978025 0.07361737 0.17701766 0.33898178
 0.39311951 0.41668122 0.36953302 0.01917179 0.02362115 0.08986405
 0.03398782 0.05476261 0.05313252 0.09451546 0.05244891 0.1150509
 0.07412939 0.08550778 0.08063336 0.08697938 0.07742986 0.13162231
 0.10314524 0.09768362 0.10967557 0.10999014 0.12458581 0.10025939
 0.11142402 0.10378983 0.1031996  0.11320233 0.0138674  0.01035576
 0.01125288 0.01304775 0.04949557 0.02308942 0.02260156 0.05501057
 0.02127513 0.0348306  0.03778954 0.09213967 0.0517242  0.06435086
 0.07719492 0.07317028 0.02733264 0.23654976 0.0448953  0.05128911
 0.19681388 0.07703424 0.07826833 0.11726363 0.07239865 0.10498498
 0.14589311 0.05732172 0.07608789 0.04113142 0.05163207 0.04947815
 0.04164218 0.04064801 0.02297165 0.03622065 0.01647835 0.02763531
 0.04779047 0.04531512 0.07341199 0.04389299 0.02889402 0.0421483
 0.03975024 0.04312186 0.0279723  0.01554654 0.0416797  0.02730381
 0.01681118 0.01518479 0.03449792 0.03327555 0.02416711 0.02135377
 0.01430414 0.01613368 0.01750827 0.01949375 0.01696335 0.02381179
 0.05808672 0.02254748 0.02347385 0.04117647 0.0243679  0.04160485
 0.04130901 0.04541963 0.01431712 0.03085326 0.03223518 0.02936034
 0.03682359 0.02628851 0.08966217 0.02134997 0.02233573 0.03220406
 0.02602559 0.02460058 0.01605595 0.09476181 0.08634778 0.04277939
 0.06974107 0.08731941 0.07349782 0.07899274 0.04457489 0.03664954
 0.05610837 0.0687904  0.04325176 0.02862967 0.02212413 0.06582629
 0.01780436 0.01642594 0.02547645 0.01646826 0.14486935 0.03050776
 0.11336631 0.04176614 0.11844619 0.12144162 0.09878372 0.13557378
 0.13748125 0.12974972 0.22845249 0.13840139 0.20706791 0.18537988
 0.17645342 0.19502853 0.19291947 0.21571859 0.2480368  0.2235225
 0.26766648 0.26631009 0.25530399 0.28598518 0.01300844 0.01687928
 0.01442134 0.01997079 0.02080663 0.01964756 0.0238926  0.01826016
 0.02619865 0.01910611 0.06334258 0.04229962 0.08756804 0.051958
 0.06034725 0.06202424 0.03848563 0.03415558 0.03234113 0.04089506
 0.1056058  0.14525296 0.12875538 0.12066124 0.13214566 0.12684854
 0.15387936 0.11745751 0.13796021 0.1356376  0.17391456 0.17444962
 0.19464698 0.1714208  0.23983077 0.00616895 0.00560637 0.00567611
 0.01441066 0.01724084 0.01325174 0.01980536 0.02060482 0.02095876
 0.01507658 0.02258879 0.01896708 0.01862433 0.02185387 0.02048126
 0.03214662 0.02151949 0.02060617 0.01754378 0.00970659 0.00894294
 0.01279353 0.00907925 0.02234028 0.01450164 0.0139653  0.01269279
 0.01955026 0.01854191 0.0144305  0.01621029 0.01156229 0.01293717
 0.01032893 0.01006056 0.00938043 0.01007318 0.01009879 0.00809167
 0.01777944 0.02177648 0.01997579 0.00998985 0.01742441 0.01692559
 0.04912505 0.02536205 0.0205091  0.05847629 0.0422765  0.06472745
 0.04370774 0.10388999 0.17710004 0.19789554 0.16089293 0.03772425
 0.23526197 0.10129808 0.05170524 0.07283822 0.08310911 0.09134748
 0.06955885 0.05101163 0.03013328 0.06395574 0.03768317 0.00682881
 0.00821504 0.03184182 0.01400828 0.0083542  0.00728443 0.00711299
 0.01955183 0.01956841 0.00889564 0.01968461 0.01907175 0.01810281
 0.01338189 0.0229086  0.02371424 0.02445489 0.02928916 0.03595195
 0.02940837 0.03386903 0.03192151 0.03738233 0.0617712  0.05972281
 0.03266765 0.04029881 0.03987777 0.04432777 0.03156343 0.03870699
 0.02813653 0.07409471 0.05415929 0.02655814 0.02771583 0.05875852
 0.03200639 0.05068655 0.03776884 0.04102741 0.04278537 0.04069561
 0.03701409 0.06323506 0.05595997 0.04627728 0.05004995 0.06322842
 0.06372515 0.01474471 0.0362432  0.0485753  0.11287952 0.06929889
 0.11447558 0.05449599 0.23789142 0.16697    0.09689477 0.01301337
 0.02371072 0.01606034 0.0645844  0.03399842 0.02395848 0.02352819
 0.04067718 0.0191703  0.0296635  0.01073852 0.01212044 0.01056848
 0.010399   0.01052354 0.01020403 0.01015552 0.02593638 0.01909914
 0.01850178 0.02214416 0.04068136 0.03621203 0.03664643 0.03611972
 0.06260733 0.04960849 0.0511863  0.10208129 0.04065384 0.08402775
 0.03573189 0.02173073 0.02507014 0.03059505 0.01739038 0.02153291
 0.035075   0.01836678 0.02566568 0.02643781 0.03005764]","[8.35711633e-03 4.75674747e-03 5.12211498e-03 1.03473468e-02
 1.58717438e-03 2.31400696e-04 1.29134230e-02 2.10497925e-03
 3.24779956e-04 1.55787247e-03 3.88568303e-03 5.97898373e-03
 1.35825872e-03 5.71803259e-04 2.13355084e-02 5.55006998e-03
 8.61144709e-03 7.48387847e-03 1.67072497e-04 6.96218957e-04
 8.70560463e-04 4.33500827e-03 1.38805176e-02 5.77371184e-04
 2.32533472e-03 5.85292168e-03 8.13382228e-03 4.76011393e-03
 1.29337127e-03 1.01160473e-02 6.60591720e-04 4.52360274e-03
 2.88286143e-02 4.49540191e-04 3.71914918e-03 1.70427873e-02
 1.39419211e-02 2.22684130e-02 3.48593397e-02 3.15724448e-02
 1.06664699e-02 2.12113885e-02 2.54145542e-02 1.40007558e-03
 5.72101277e-03 2.53475107e-04 3.13402885e-03 4.00324431e-03
 2.70492455e-05 1.92023146e-02 3.16162340e-04 1.19061757e-02
 2.84314299e-03 3.40935860e-05 4.32761016e-03 2.26543499e-02
 1.22180946e-04 1.17707667e-02 3.43896591e-04 8.72448600e-06
 2.92215806e-04 1.67286742e-03 1.11729617e-02 1.72340145e-05
 3.75502791e-04 2.84311624e-04 1.24463492e-02 6.82684315e-03
 1.79181992e-02 1.16778408e-02 6.31056112e-02 1.90597548e-01
 2.51479118e-01 2.84298331e-01 2.37900306e-01 7.21653060e-06
 5.81505972e-04 1.80230534e-02 4.04320054e-03 8.93137284e-03
 8.51534793e-03 1.97172791e-02 8.40196854e-03 2.62210190e-02
 1.40979368e-02 1.74878593e-02 1.59175858e-02 1.76911095e-02
 1.50278719e-02 3.19168672e-02 2.24648055e-02 2.09669816e-02
 2.45931366e-02 2.46073907e-02 2.93484635e-02 2.13777201e-02
 2.48848705e-02 2.26857499e-02 2.24067146e-02 2.54165488e-02
 3.33503146e-04 9.77230540e-06 7.25173716e-05 2.08621893e-04
 5.28476910e-03 1.13212505e-03 1.99899698e-03 4.92969864e-03
 1.52274594e-04 5.38255849e-03 8.02995672e-05 1.01846799e-02
 1.72962130e-03 7.95540105e-03 1.11257171e-03 1.38636204e-04
 1.36138949e-03 1.13994856e-01 2.19191287e-03 5.82144929e-03
 9.45461323e-02 8.22443731e-03 8.88987405e-03 3.32421791e-02
 4.07457479e-03 1.69951363e-02 3.47878519e-02 1.49978349e-03
 5.94427154e-03 1.19766305e-04 1.25524556e-03 1.34999752e-03
 6.24335489e-04 8.72872795e-04 2.57615298e-05 5.58712388e-04
 1.87663628e-04 1.57336987e-03 6.76336280e-03 6.23144854e-03
 1.24946161e-02 5.96346170e-03 2.90125224e-03 5.51069853e-03
 5.05565318e-03 5.73136169e-03 2.74772784e-03 5.93211537e-04
 5.12780109e-03 2.62492058e-03 8.83243147e-04 6.69035690e-04
 3.71036932e-03 3.45825500e-03 2.12535116e-03 1.68185415e-03
 7.37037395e-04 9.56459338e-04 1.11221903e-03 1.34700486e-03
 1.05171517e-03 4.75069660e-04 7.84847805e-03 5.98384731e-05
 2.46995937e-05 5.87570586e-03 1.10957472e-03 3.95152371e-03
 3.92929630e-03 4.57594386e-03 4.70892551e-05 2.13720153e-03
 3.20152256e-03 2.23567568e-03 4.51020435e-03 7.41571044e-04
 2.12959604e-02 4.36903143e-04 1.08498513e-03 4.03312377e-03
 5.98411471e-04 5.15093218e-04 1.22647099e-04 1.50843051e-02
 1.30191781e-02 4.59353019e-03 8.85236662e-03 1.22843878e-02
 9.40408201e-03 1.02892414e-02 6.43971574e-03 2.34554801e-03
 6.90974282e-03 1.02450318e-02 7.13100677e-03 2.80417267e-03
 4.37975243e-04 1.12670640e-02 1.85801433e-04 8.05105596e-05
 1.85518987e-03 9.60085552e-08 3.44453373e-02 2.84044327e-03
 2.38165041e-02 4.93587488e-03 2.55601674e-02 2.70933367e-02
 1.99401783e-02 3.33036553e-02 3.41322795e-02 3.11948846e-02
 7.88990545e-02 3.49425911e-02 6.72407219e-02 5.64318196e-02
 5.29268445e-02 6.21676302e-02 6.06983458e-02 7.40036251e-02
 9.36068084e-02 7.90901373e-02 1.07822556e-01 1.08034088e-01
 1.01033464e-01 1.22334132e-01 3.16430425e-04 3.54273152e-04
 1.40063238e-04 6.55508854e-04 8.04734074e-04 6.60950682e-04
 1.16300090e-03 5.34219674e-04 1.44737921e-03 6.32157306e-04
 1.12589678e-02 5.84239638e-03 1.81211922e-02 7.86502143e-03
 9.55572445e-03 9.89578714e-03 4.51910178e-03 3.51935379e-03
 3.31347188e-03 5.27357471e-03 2.08509672e-02 3.41964799e-02
 2.84392974e-02 2.56004083e-02 2.94883972e-02 2.77848217e-02
 3.76266827e-02 2.50357042e-02 3.20672220e-02 3.12348239e-02
 4.64539650e-02 4.67715990e-02 5.62601638e-02 4.55562865e-02
 8.00397040e-02 5.94821405e-05 2.00922311e-05 4.09656229e-05
 6.60090433e-04 8.41992483e-04 5.61002296e-04 9.62313340e-04
 1.03043061e-03 9.95728297e-04 5.48882201e-04 9.94196403e-04
 7.44286895e-04 7.38312957e-04 9.30582286e-04 8.41259082e-04
 2.28499665e-03 1.29889769e-03 2.28405001e-04 4.06304106e-07
 2.13745765e-04 9.89085630e-07 5.74636647e-04 1.63148947e-04
 1.86424512e-03 2.27888580e-04 1.68254133e-04 6.40195482e-06
 6.58784887e-04 6.18222131e-04 7.19235912e-04 4.22330966e-04
 3.27900946e-04 1.54304626e-04 1.34635838e-04 3.14562453e-09
 2.06513503e-05 1.03321657e-05 8.03712719e-05 7.24369492e-09
 7.37053719e-04 1.11075878e-03 9.61107214e-04 1.44126354e-04
 7.17574786e-04 6.77385043e-04 7.54798796e-03 2.36358220e-03
 1.37032938e-03 8.98632956e-03 5.67442771e-03 1.00361259e-02
 5.84662418e-03 1.92072203e-02 5.50054771e-02 6.60513613e-02
 4.68417742e-02 2.29084080e-03 7.99064685e-02 1.77854760e-02
 5.28436042e-03 9.79374609e-03 1.10419857e-02 1.25674945e-02
 7.80114355e-03 4.58229046e-03 1.90428218e-03 6.23531758e-03
 2.65130711e-03 2.55439139e-05 1.10921413e-04 2.01428135e-03
 5.32468249e-04 1.40008117e-04 9.74627285e-05 9.35258016e-05
 9.97906132e-04 9.95261017e-04 2.22241604e-04 1.00236122e-03
 5.11764774e-04 4.34832450e-04 2.02243200e-05 1.60810351e-04
 1.42073039e-04 4.37293484e-05 8.64532157e-04 2.98198866e-03
 1.77594238e-05 6.10463061e-04 9.14718375e-05 3.47980069e-03
 7.74895329e-03 5.83229019e-03 1.27064816e-03 6.96204245e-04
 5.33242087e-04 1.35636638e-03 5.54696191e-05 4.71287990e-04
 7.37510707e-04 1.29225895e-02 9.42198662e-03 2.96790155e-04
 4.55779861e-04 1.23229927e-02 1.37381343e-03 9.97728144e-03
 6.34054816e-04 1.05355054e-03 1.44599154e-03 1.06705627e-03
 4.52085054e-04 1.08533873e-02 7.75535326e-03 1.78117695e-05
 6.63055591e-04 2.71248420e-07 1.57469817e-05 8.17209873e-06
 3.10102948e-03 4.98590832e-03 2.26802955e-02 9.36556569e-03
 2.48732820e-02 3.54191134e-04 1.14061549e-01 6.40922993e-02
 1.84862543e-02 3.93672637e-06 2.01526426e-03 6.95141146e-04
 9.49847203e-03 3.73289260e-03 2.01487254e-03 1.91270855e-03
 5.20080898e-03 7.04185433e-04 1.00726076e-03 4.30383730e-05
 5.06241274e-05 8.46040957e-07 2.24144781e-05 4.10382088e-06
 4.12155055e-05 1.87638888e-05 2.17488241e-03 1.51572042e-07
 7.09516245e-05 1.45485969e-03 3.50895172e-03 2.49367319e-03
 2.54533972e-03 2.37574147e-03 9.30331971e-03 5.69268494e-03
 5.95411274e-03 2.09222870e-02 3.42074483e-03 1.50029739e-02
 2.34271028e-03 5.56466087e-05 4.43169376e-04 1.42202822e-03
 2.08768177e-04 3.21979425e-04 4.69548995e-03 1.12703859e-03
 2.76938839e-03 2.88962476e-03 3.59447158e-03]"
Harvey Independent (normal),431,43,0.8422273781902552,0.8032396625782746,0.7130787901418969,0.8788489736070382,-0.00695604111490471,-0.017433318882287503,0.001035831296187143,0.059518155785761154,0.10918535040499305,"[0.04936035 0.04682408 0.05203644 0.07132926 0.05545452 0.04598126
 0.0924705  0.04092164 0.04508339 0.06007094 0.03657137 0.05576893
 0.03769069 0.03520502 0.09261247 0.04271955 0.05112747 0.04521824
 0.04003397 0.04444064 0.04423631 0.0558698  0.0813742  0.04252687
 0.04613361 0.053354   0.05902688 0.04390095 0.02777646 0.04465414
 0.04893321 0.03664001 0.06225373 0.05217418 0.04814471 0.05260203
 0.05731933 0.05862707 0.06125094 0.11234416 0.06397068 0.10117706
 0.10874465 0.03236717 0.03918971 0.03519474 0.05441744 0.03905078
 0.03025926 0.15803915 0.06542078 0.03334791 0.05748186 0.10033399
 0.0612248  0.05700447 0.12304519 0.0766274  0.12449555 0.13949558
 0.14343361 0.11484594 0.09156827 0.12558239 0.02734542 0.02089248
 0.08982164 0.06877834 0.10508434 0.08798065 0.19871872 0.35993291
 0.40422592 0.42624563 0.37946071 0.02719091 0.04046659 0.05601736
 0.02375758 0.03164697 0.03078942 0.05629736 0.02969758 0.06845531
 0.03672892 0.04181645 0.03828611 0.04130297 0.03391851 0.07290491
 0.04910394 0.04505085 0.05352305 0.05388512 0.06566006 0.04695076
 0.05655261 0.04892462 0.04863514 0.05759449 0.00901838 0.01352736
 0.01036699 0.02188043 0.06831013 0.03825134 0.02308109 0.08469821
 0.03498726 0.03817346 0.06466788 0.14443868 0.07858429 0.08078151
 0.12530154 0.11212787 0.04456149 0.22363651 0.08679912 0.09148149
 0.20768361 0.11820915 0.11978498 0.15127658 0.09984869 0.1301554
 0.1587486  0.07838137 0.09676962 0.06006469 0.07080772 0.06610002
 0.05694032 0.05413411 0.03531037 0.04863455 0.01717747 0.02263698
 0.05347912 0.0501406  0.07696209 0.04565812 0.03101181 0.04251302
 0.03986236 0.04229883 0.02599978 0.01512524 0.03431186 0.02186195
 0.01508282 0.01366154 0.02589327 0.02410544 0.01817053 0.01536046
 0.0110493  0.01151517 0.01187606 0.01294558 0.01134309 0.031842
 0.03820266 0.04699869 0.04459488 0.08331175 0.03154915 0.05414872
 0.05347882 0.06041267 0.02081517 0.04354683 0.06201903 0.05822785
 0.0730727  0.05845006 0.13235999 0.04189215 0.04716984 0.06100013
 0.03644037 0.03608122 0.03958761 0.05281883 0.04631002 0.02058188
 0.03483602 0.05104258 0.03972864 0.04603713 0.04523986 0.04890037
 0.0709331  0.08962559 0.04274264 0.02492906 0.03148836 0.04411102
 0.02300812 0.02156592 0.0234204  0.02255013 0.11017077 0.02521995
 0.08175599 0.03069035 0.084981   0.08113593 0.0609099  0.08387031
 0.08559364 0.07691696 0.15068548 0.07839957 0.12916932 0.11083242
 0.09969402 0.11341154 0.11154391 0.12624418 0.1499939  0.12595413
 0.16072218 0.15318948 0.1444304  0.16856896 0.0193489  0.0192834
 0.01819884 0.02091207 0.02117689 0.02031055 0.0228036  0.01949508
 0.02454283 0.02029555 0.05470199 0.03779092 0.07406822 0.04120032
 0.04881955 0.04909331 0.0292432  0.02451378 0.02295355 0.03335608
 0.08555932 0.11976417 0.10413851 0.09277947 0.10115924 0.09336145
 0.11996915 0.08175964 0.09574458 0.09434327 0.13184951 0.12951851
 0.14397696 0.122093   0.18497527 0.0106313  0.01112803 0.01032779
 0.00879847 0.00936952 0.00836142 0.00954469 0.00962012 0.00958991
 0.00696666 0.01030564 0.00857719 0.00851709 0.00991213 0.00925644
 0.03735533 0.02537607 0.04177407 0.03572485 0.01231366 0.01500868
 0.01137947 0.0119207  0.01818516 0.0230287  0.0229316  0.0252165
 0.01996441 0.0217178  0.01412445 0.01920442 0.01178169 0.01586097
 0.01132727 0.01241597 0.01129741 0.01302403 0.01477587 0.01126465
 0.02508342 0.02879645 0.02725253 0.01523623 0.02486106 0.02378719
 0.03731382 0.02583817 0.02455307 0.0377122  0.02902104 0.04038765
 0.0283733  0.06813341 0.19536787 0.21672182 0.17361236 0.04663146
 0.24989633 0.11244729 0.06053381 0.0833458  0.08997411 0.09667089
 0.07455379 0.05469814 0.03305582 0.06599999 0.03908146 0.00649791
 0.00794924 0.03269521 0.01398296 0.00798951 0.0069902  0.00699372
 0.02023421 0.02057072 0.00915933 0.02046584 0.01915336 0.01884886
 0.0156213  0.02779395 0.03448856 0.03459112 0.04487188 0.05452031
 0.04124361 0.04000626 0.04055492 0.05695317 0.05547594 0.05751015
 0.04793221 0.04795905 0.04731563 0.04935665 0.04253043 0.04601599
 0.02703524 0.0509992  0.07688243 0.04057791 0.04111743 0.08594798
 0.04884842 0.07474431 0.04188977 0.04251442 0.04392636 0.04334649
 0.0415647  0.04208589 0.0816465  0.0544397  0.06492512 0.0661839
 0.06607313 0.01830356 0.05645039 0.076114   0.15222493 0.10367444
 0.17734951 0.09124654 0.33207775 0.25551856 0.16690108 0.01290211
 0.01873845 0.0136299  0.05403088 0.0263007  0.01824364 0.01815686
 0.03064992 0.01569415 0.0432021  0.01941801 0.02303241 0.02019838
 0.01941023 0.02044529 0.01866482 0.01945799 0.02490836 0.03349619
 0.03227904 0.02537599 0.05190465 0.05510133 0.05624354 0.05805629
 0.0884203  0.08062758 0.08278433 0.14508615 0.0752364  0.1228653
 0.06928008 0.04481157 0.05237368 0.06309259 0.03129136 0.04744252
 0.01747857 0.01965275 0.01569905 0.01450353 0.01458537]","[5.98870147e-03 3.30006110e-03 4.28138177e-03 1.03929654e-02
 2.37329555e-03 1.64503932e-06 1.67574529e-02 8.47273070e-04
 1.73799622e-08 3.00245070e-03 1.76800304e-03 1.06508808e-02
 3.32142376e-03 2.55871452e-03 2.74063007e-02 8.48473364e-03
 1.22880280e-02 1.01760593e-02 2.34677690e-03 4.16358375e-03
 3.85805116e-03 9.23618609e-03 2.20839573e-02 3.14226624e-03
 5.76235283e-03 1.07277562e-02 1.30565823e-02 8.06305244e-03
 8.47713681e-05 3.47315193e-03 7.30905111e-03 3.27812846e-07
 5.43857221e-03 5.82297244e-03 1.58978578e-03 2.66876275e-04
 2.66455724e-04 1.99580806e-04 2.13812238e-03 2.98835796e-02
 1.12106479e-02 2.56689000e-02 2.88322894e-02 1.36612426e-05
 1.36049736e-03 6.09082827e-04 9.78428367e-03 4.65556042e-04
 1.31252626e-03 4.56232406e-02 8.82717951e-03 1.00917069e-06
 4.47872449e-03 1.96140188e-02 4.75159768e-03 4.54551473e-04
 2.93380250e-02 5.85180277e-03 3.11499467e-02 4.10415141e-02
 4.70807461e-02 2.60625491e-02 8.45673922e-03 3.97819759e-02
 1.07739823e-03 1.76458197e-05 1.69023746e-02 1.01645663e-02
 2.31777843e-02 1.60535365e-02 7.38424692e-02 2.09250489e-01
 2.66901391e-01 3.00717683e-01 2.51327900e-01 1.24589408e-03
 4.08659165e-03 9.18469373e-03 5.34795775e-04 2.81701680e-03
 2.48069614e-03 9.36178141e-03 2.27995457e-03 1.32048912e-02
 4.54861003e-03 6.10734704e-03 5.26454687e-03 6.11893153e-03
 4.30988645e-03 1.47227934e-02 8.33523890e-03 7.36824681e-03
 9.56281995e-03 9.45063918e-03 1.24943786e-02 7.92254912e-03
 1.01752657e-02 8.31055271e-03 8.09623008e-03 1.01982069e-02
 1.65509917e-04 9.70925011e-05 2.85606520e-06 4.61077473e-04
 6.43436399e-03 1.74898648e-03 9.23850824e-04 6.95677130e-03
 2.93097661e-06 2.12702332e-03 3.68017228e-04 2.06620023e-02
 1.97062050e-05 9.97802734e-04 8.66785485e-03 2.69661517e-03
 4.17338394e-03 1.48557040e-01 9.12820761e-03 1.54966528e-02
 1.14901542e-01 1.02982784e-02 1.13447408e-02 3.79353727e-02
 2.18082990e-03 1.27782208e-02 2.65460540e-02 1.85438846e-04
 2.89808410e-03 2.33345485e-04 9.27490270e-05 8.29026021e-05
 3.89771400e-08 2.09547595e-05 8.54111802e-04 2.38796810e-08
 2.84866385e-04 1.18896763e-03 7.25879541e-03 6.62313478e-03
 1.30072661e-02 5.79207739e-03 2.77352926e-03 5.25042764e-03
 4.76287876e-03 5.19980161e-03 2.16422167e-03 1.96422378e-04
 3.77490548e-03 1.53223519e-03 3.20170406e-04 1.60356179e-04
 2.33905437e-03 2.01383237e-03 1.09919833e-03 7.15873053e-04
 1.59714891e-04 2.76733292e-04 3.64401253e-04 5.14986095e-04
 3.25651292e-04 6.01053437e-04 9.74985884e-04 4.33768373e-03
 3.40037204e-03 2.05171922e-02 2.64662206e-03 6.96258148e-03
 6.77417164e-03 8.05886365e-03 8.78994397e-04 4.61683128e-03
 1.00070608e-02 8.38386979e-03 1.39423778e-02 7.90141582e-03
 4.25783892e-02 3.55409400e-03 6.37023754e-03 1.22736180e-02
 9.32131882e-04 1.19459237e-03 4.80387847e-03 7.70408875e-03
 6.18796133e-03 1.06557896e-03 3.73982460e-03 6.35365859e-03
 4.36419283e-03 5.19486008e-03 4.19750555e-03 4.54700921e-03
 1.08061273e-02 1.63729941e-02 3.80911155e-03 1.08752500e-03
 2.18578840e-03 5.97714318e-03 2.22972025e-04 7.36773780e-04
 2.69254839e-04 7.94364720e-04 2.42621526e-02 6.08673303e-04
 1.49492552e-02 1.38068055e-03 1.59347986e-02 1.49153027e-02
 8.10296336e-03 1.56593052e-02 1.61507125e-02 1.29883085e-02
 4.51038362e-02 1.33386902e-02 3.45564659e-02 2.64115519e-02
 2.19650764e-02 2.80960976e-02 2.69096052e-02 3.47211430e-02
 4.69517089e-02 3.45362290e-02 5.38571389e-02 5.05115720e-02
 4.57819218e-02 6.02194155e-02 5.36983114e-04 1.35491174e-04
 1.96981030e-05 3.18075831e-04 4.16949586e-04 3.20592681e-04
 6.92952664e-04 2.38094523e-04 8.63125326e-04 3.29770903e-04
 8.99753507e-03 4.13031703e-03 1.46165470e-02 5.34290723e-03
 7.19032025e-03 7.16035542e-03 2.73763474e-03 1.95120543e-03
 1.72287764e-03 3.06098028e-03 1.51272339e-02 2.58423020e-02
 2.09608522e-02 1.75235224e-02 2.01337545e-02 1.79128533e-02
 2.65701955e-02 1.48285584e-02 1.92385235e-02 1.88223333e-02
 3.13459374e-02 3.05869629e-02 3.66205223e-02 2.82918948e-02
 5.48605680e-02 1.24932063e-04 2.29922318e-04 1.63346082e-04
 3.43487059e-05 9.60889755e-05 2.21101336e-05 1.45223558e-04
 1.53226515e-04 1.79461686e-04 4.66112944e-05 2.50664801e-04
 1.46047562e-04 1.46750583e-04 2.21223878e-04 1.91831982e-04
 2.95459553e-03 4.53541569e-05 3.68337838e-03 2.14378634e-03
 2.23242063e-05 3.39004331e-04 1.56650298e-05 6.35019835e-05
 9.26189821e-08 6.93239526e-04 8.11778083e-04 1.39336968e-03
 8.74131366e-04 1.11510935e-03 3.96385332e-04 8.21851093e-04
 9.61109274e-05 4.27514150e-04 6.27966503e-06 9.29696287e-05
 2.08659924e-05 1.84401281e-04 4.16980142e-04 1.18634987e-04
 1.48371168e-03 1.88614945e-03 1.70189594e-03 4.98496705e-04
 1.43679511e-03 1.35501994e-03 4.36773748e-03 9.01645899e-04
 2.77613244e-04 4.99499216e-03 2.68488980e-03 5.62594491e-03
 2.61026779e-03 1.27369490e-02 6.44253110e-02 7.64951658e-02
 5.33716213e-02 4.25052640e-03 8.79116144e-02 2.07364496e-02
 6.94177650e-03 1.21944557e-02 1.23094048e-02 1.34924899e-02
 8.56742208e-03 5.07568611e-03 2.22356726e-03 6.47614320e-03
 2.77080120e-03 3.39544793e-05 1.33445568e-04 2.05710512e-03
 5.29217300e-04 1.40926033e-04 9.40501619e-05 9.66387731e-05
 1.00056214e-03 1.02521777e-03 2.31375534e-04 1.01775388e-03
 6.50420863e-04 5.08001218e-04 7.74366515e-05 1.21271447e-04
 1.61172550e-03 1.07000463e-03 3.62911049e-03 7.01408426e-03
 1.24416172e-03 5.37055614e-05 4.81642339e-04 8.09907304e-03
 3.13124209e-03 2.38108745e-03 4.16534725e-03 2.29179324e-07
 1.10956472e-05 1.83484017e-04 9.49477175e-04 1.31321811e-06
 2.36170732e-06 7.30619546e-03 1.54170211e-02 2.74688744e-03
 3.04421065e-03 2.13556926e-02 4.87425827e-03 1.78080029e-02
 3.60644252e-06 5.52888487e-05 2.88086677e-04 1.60251243e-04
 2.46853514e-06 4.61867664e-03 1.57777937e-02 2.33692313e-03
 5.46493935e-03 1.53480279e-03 1.54274623e-03 3.50566977e-04
 5.91950241e-03 9.99998165e-03 3.45331991e-02 1.71867876e-02
 4.90924075e-02 1.02247061e-02 1.77808033e-01 1.13754939e-01
 4.89766814e-02 1.35399956e-04 8.55063220e-04 1.18287474e-04
 6.61349309e-03 1.91116075e-03 6.94196006e-04 6.32133803e-04
 2.59295923e-03 3.22857279e-06 4.96271461e-03 2.97372865e-04
 9.63747438e-04 5.81543578e-04 4.64567010e-04 7.41350179e-04
 3.69240518e-04 5.21934906e-04 2.20930780e-05 1.72855178e-03
 1.47912042e-03 9.24938601e-05 6.90992202e-03 7.16807644e-03
 7.59849471e-03 7.89170212e-03 1.91235559e-02 1.52740932e-02
 1.61173058e-02 3.99156766e-02 1.20773199e-02 3.01150525e-02
 1.01148278e-02 3.38936788e-03 5.11028907e-03 7.66281184e-03
 1.03871432e-03 4.00314419e-03 5.97167447e-04 6.27489718e-05
 1.29808700e-04 2.46099005e-04 4.60508279e-04]"
Logistic Joint (skew),431,43,0.7099767981438515,0.7938910343783129,0.7141494002181026,0.8738798819019994,0.018890218607429232,0.010373232200319087,0.028549653227779016,0.0580211904492632,0.11015355743038288,"[0.04292172 0.03661369 0.03782262 0.04847134 0.0380132  0.04260209
 0.05634347 0.04881524 0.04081817 0.0380734  0.05214338 0.05252236
 0.0319382  0.02789098 0.10936364 0.04764411 0.0604384  0.05535641
 0.03736342 0.04257546 0.04550429 0.06765501 0.10684135 0.04566401
 0.05789305 0.07451845 0.08528183 0.06608551 0.02312946 0.04484204
 0.0383552  0.03148213 0.07379672 0.03443041 0.0346863  0.05185698
 0.04716516 0.0555842  0.06939954 0.09860357 0.04764032 0.07143052
 0.08098118 0.02531521 0.03454841 0.02608054 0.05258964 0.03015984
 0.0204123  0.10975887 0.03492416 0.0444285  0.0342104  0.04673228
 0.03767601 0.06163374 0.05481601 0.05340369 0.05637174 0.05944915
 0.06041332 0.05509695 0.06644806 0.05194486 0.02125748 0.02129733
 0.0722629  0.05406    0.08924367 0.07278954 0.1822666  0.35420049
 0.41256883 0.44056462 0.39390956 0.02007204 0.02650548 0.0807965
 0.02906617 0.04755971 0.04642651 0.08618279 0.04499818 0.1057747
 0.06594126 0.07717483 0.07237121 0.0789239  0.06962308 0.1230649
 0.09444206 0.09035281 0.10166079 0.1017623  0.11678124 0.09317782
 0.10418114 0.0967697  0.09596105 0.10603557 0.01197339 0.01085184
 0.01043513 0.01507547 0.05684365 0.02715815 0.01868956 0.06525086
 0.02099178 0.0274482  0.03819904 0.10887703 0.04709103 0.05220683
 0.08265945 0.07096749 0.02589791 0.11638073 0.0673386  0.05393474
 0.06599142 0.08406768 0.08350924 0.06075339 0.0831312  0.07152558
 0.07144474 0.07281465 0.06779434 0.06835275 0.06422297 0.05599272
 0.05227719 0.04492336 0.0478113  0.04243645 0.02275601 0.0185442
 0.07041722 0.07053658 0.10404105 0.07469675 0.05376314 0.07528557
 0.07399793 0.0790624  0.05991866 0.0385043  0.08026079 0.06085831
 0.04248412 0.03848467 0.06923007 0.06710113 0.05539312 0.04955633
 0.03488096 0.03715559 0.0391983  0.04201786 0.03748811 0.02296356
 0.04828987 0.02457237 0.02374204 0.05577083 0.023276   0.04009216
 0.04004889 0.04382544 0.01435087 0.0301472  0.03801154 0.03473601
 0.04557034 0.0315537  0.10828139 0.02443323 0.02713275 0.04177292
 0.0217109  0.02008788 0.01905843 0.09094117 0.08252193 0.03893039
 0.06507842 0.0824629  0.06889299 0.07431444 0.0482813  0.03436275
 0.05500786 0.06555537 0.03903901 0.02886625 0.02113225 0.06903615
 0.01791107 0.02006825 0.02120789 0.01961156 0.12534772 0.02455331
 0.09256619 0.03169474 0.09649231 0.09736338 0.07492338 0.10681682
 0.10743522 0.10092991 0.19097453 0.10535486 0.16971503 0.14725417
 0.13821893 0.15534296 0.15263556 0.17310561 0.20368868 0.17976375
 0.22140396 0.21884726 0.20893734 0.23780955 0.01589541 0.01473057
 0.01321339 0.01633959 0.01679568 0.01569309 0.01898547 0.01479515
 0.02069702 0.01522156 0.08363071 0.06074616 0.10988683 0.07284223
 0.08113538 0.08390484 0.05753097 0.05121852 0.0497609  0.04113701
 0.1060946  0.14637748 0.13077432 0.1222132  0.13555908 0.13080115
 0.15800819 0.12293402 0.14492728 0.14227862 0.18103011 0.18181997
 0.20399168 0.18087763 0.2505761  0.00708881 0.00707082 0.0067999
 0.01140095 0.01300522 0.01017966 0.01374187 0.01454075 0.01369416
 0.00843427 0.0128558  0.01027011 0.01002508 0.01206711 0.01099192
 0.03123611 0.02331918 0.02033223 0.01807642 0.00983891 0.00947262
 0.01258619 0.00919386 0.02547666 0.01654144 0.01532336 0.01368093
 0.01766085 0.01605707 0.01729644 0.01406321 0.01379026 0.01142176
 0.01166935 0.00981748 0.00994774 0.00969971 0.00882213 0.00778715
 0.01557211 0.01987435 0.01852041 0.00843722 0.01612541 0.01529418
 0.04418164 0.0226574  0.01952815 0.0525198  0.03675291 0.05791964
 0.03785452 0.09661006 0.08603912 0.1027851  0.07241329 0.03363941
 0.13874336 0.0413462  0.02063178 0.02704639 0.04138129 0.05261301
 0.03794121 0.02560337 0.01398234 0.04648553 0.02402494 0.0069433
 0.00624499 0.02231181 0.00844251 0.00542319 0.01164038 0.01108981
 0.02896988 0.02923527 0.01439419 0.02924032 0.02123776 0.02070401
 0.0145769  0.02179803 0.02595992 0.02647657 0.03607856 0.04706737
 0.03173829 0.03008224 0.03142526 0.05439249 0.04347126 0.04140094
 0.0431111  0.0344914  0.03323646 0.03404842 0.03337305 0.03174232
 0.0243923  0.06157668 0.06633772 0.03063719 0.0322236  0.08774415
 0.04312981 0.08134428 0.03070976 0.03079211 0.03049622 0.02967549
 0.02938595 0.04978443 0.06963594 0.04309781 0.05159849 0.05448339
 0.05572266 0.01403502 0.04612013 0.06362239 0.14269825 0.09143235
 0.16215976 0.06457094 0.33167426 0.24785623 0.14590219 0.01412513
 0.01994838 0.01420484 0.0554442  0.02734674 0.01930091 0.01900566
 0.03290689 0.01591868 0.03560158 0.01211722 0.01396931 0.01207444
 0.01187142 0.01256784 0.01136221 0.01152296 0.02696613 0.02003601
 0.01912764 0.02332206 0.03388255 0.02906644 0.02928585 0.02789584
 0.04564629 0.03479606 0.03577819 0.0740485  0.02789725 0.05908612
 0.02496476 0.02183176 0.02090294 0.02199261 0.02451472 0.01820822
 0.05548073 0.03045528 0.04303358 0.04290012 0.04753456]","[4.22592777e-03 1.42033210e-03 1.28112041e-03 3.60103982e-03
 1.61257769e-05 3.78005341e-03 4.56172781e-03 8.48744405e-03
 4.04431119e-03 3.36280973e-05 1.15881025e-02 9.72033531e-03
 3.33638347e-03 1.97515244e-03 2.74996006e-02 8.64350243e-03
 1.19743491e-02 1.04434634e-02 3.28929923e-03 5.66582513e-03
 7.06579879e-03 1.59584582e-02 3.20394087e-02 7.35582781e-03
 1.23209779e-02 1.96657650e-02 2.36918399e-02 1.66869978e-02
 3.12890959e-04 5.58287824e-03 3.78328055e-03 8.51280843e-04
 1.38909922e-02 9.85983987e-04 3.72584878e-05 4.77986257e-03
 2.15652044e-03 5.84894492e-03 1.24504044e-02 2.20698826e-02
 5.26574463e-03 1.27480885e-02 1.59810293e-02 2.51119982e-05
 1.45048572e-03 7.51393396e-04 1.03557726e-02 2.84946239e-04
 5.40306804e-05 2.63632760e-02 1.75446041e-03 5.78747446e-03
 2.42682477e-04 2.24066050e-03 5.55236111e-04 9.56910888e-03
 1.91071793e-03 2.84105081e-03 1.43787495e-03 3.67499379e-03
 5.48830642e-03 2.03314188e-04 2.95188495e-03 3.03867561e-03
 3.16869286e-04 3.47299512e-04 1.23366022e-02 6.91396409e-03
 1.82169535e-02 1.21698504e-02 6.49984985e-02 1.96778405e-01
 2.60573093e-01 2.96273992e-01 2.49224995e-01 1.63793585e-04
 1.22293647e-03 1.51940098e-02 2.73040634e-03 6.85332115e-03
 6.53830649e-03 1.67392996e-02 6.26060407e-03 2.24244884e-02
 1.12965989e-02 1.42612947e-02 1.29859565e-02 1.46293983e-02
 1.20719438e-02 2.74629598e-02 1.87848152e-02 1.73939928e-02
 2.07537923e-02 2.06859610e-02 2.49644384e-02 1.78404649e-02
 2.10485710e-02 1.88513258e-02 1.84277764e-02 2.12553555e-02
 2.08365596e-04 8.09761336e-05 6.78078836e-06 4.82504536e-04
 6.84195596e-03 1.85794236e-03 5.36611097e-04 8.53214849e-03
 9.06218607e-05 1.53378364e-03 6.62610519e-04 2.13484404e-02
 2.55171976e-05 1.36542939e-03 7.47362714e-03 1.91623907e-03
 1.11041422e-03 3.60109841e-02 1.07363773e-02 5.52157550e-03
 1.21461340e-02 1.49534053e-02 1.41463787e-02 9.20575094e-04
 1.86536894e-02 4.91372630e-03 8.90297695e-06 1.86955883e-02
 9.91139439e-03 2.24035369e-02 1.59315779e-02 1.21671879e-02
 1.27341812e-02 8.96473411e-03 1.65870677e-02 9.18466328e-03
 1.41998585e-03 2.32104356e-04 1.16361811e-02 1.17033491e-02
 2.06644295e-02 1.25308396e-02 7.80811644e-03 1.26704455e-02
 1.23169492e-02 1.35781952e-02 8.98065743e-03 4.51624896e-03
 1.32238340e-02 8.74796199e-03 5.26483238e-03 4.41477357e-03
 1.01792101e-02 9.67186032e-03 7.37450079e-03 6.17005903e-03
 3.51015239e-03 3.80527378e-03 3.98832381e-03 4.41025176e-03
 3.73391105e-03 2.39020477e-04 5.13301085e-03 6.72931803e-04
 2.38475958e-04 1.03252115e-02 9.20430642e-04 3.56841710e-03
 3.60470778e-03 4.19092999e-03 1.94044487e-05 1.94049498e-03
 4.69772583e-03 3.61082509e-03 6.93918195e-03 2.20899996e-03
 2.81205677e-02 1.18399776e-03 2.35451270e-03 6.34634406e-03
 3.07372466e-05 2.01645327e-05 7.91272629e-04 1.41812232e-02
 1.21350922e-02 3.97863399e-03 7.68046461e-03 1.07548658e-02
 8.02345495e-03 8.86611408e-03 7.40740319e-03 1.68572234e-03
 6.81330430e-03 9.42895889e-03 4.90837095e-03 2.88299570e-03
 4.00886953e-04 1.19385558e-02 2.63831597e-04 4.79731133e-04
 6.59853090e-04 2.82823412e-04 2.85574564e-02 1.30906928e-03
 1.81029689e-02 2.61931545e-03 1.93353234e-02 2.00383745e-02
 1.32783500e-02 2.35714754e-02 2.40371675e-02 2.15318767e-02
 6.15564985e-02 2.36584951e-02 5.08679552e-02 4.11596447e-02
 3.73654367e-02 4.54053054e-02 4.41410564e-02 5.44878218e-02
 7.13142886e-02 5.85243120e-02 8.30860936e-02 8.19070666e-02
 7.59871608e-02 9.40685347e-02 6.85173347e-04 8.25430012e-05
 5.05403018e-07 2.15695467e-04 3.01811523e-04 2.20322188e-04
 5.37253616e-04 1.48072990e-04 7.61697254e-04 1.97605820e-04
 1.74470752e-02 1.06170108e-02 2.60802844e-02 1.34046713e-02
 1.54232317e-02 1.60253379e-02 8.72838992e-03 6.81164184e-03
 6.54184337e-03 5.19164045e-03 2.09392746e-02 3.42953960e-02
 2.87334153e-02 2.60180564e-02 3.04141465e-02 2.86842448e-02
 3.88283740e-02 2.63087416e-02 3.38385251e-02 3.30195358e-02
 4.86014454e-02 4.89501718e-02 5.92834340e-02 4.85990221e-02
 8.46064942e-02 1.54386199e-05 7.89342786e-09 3.58614166e-06
 4.50053190e-04 5.73725302e-04 3.33551487e-04 6.11041049e-04
 6.74899181e-04 5.75534008e-04 1.99865601e-04 4.75024403e-04
 3.03411362e-04 2.92415000e-04 4.13070546e-04 3.48456397e-04
 2.24001661e-03 1.48107216e-03 1.29280060e-04 8.24547553e-06
 1.72110093e-04 1.74174958e-08 5.20088001e-04 1.32380536e-04
 2.23690230e-03 3.61425185e-04 2.74443619e-04 3.83323692e-05
 4.42782074e-04 3.63564676e-04 1.07473635e-03 1.99251847e-04
 5.98813897e-04 3.46813106e-05 3.27181364e-04 4.61272069e-05
 1.23954712e-04 1.14033714e-05 8.88859554e-06 2.72119490e-05
 5.10379678e-04 8.61688200e-04 7.51750932e-04 7.07091532e-05
 5.46226491e-04 5.11457733e-04 6.45455934e-03 1.78013504e-03
 9.59463648e-04 7.76361628e-03 4.69094574e-03 8.58859018e-03
 4.71140897e-03 1.72159399e-02 1.75695108e-02 2.40466890e-02
 1.29500793e-02 2.88950707e-03 3.68222981e-02 3.45881923e-03
 6.67574870e-06 7.73807617e-04 3.61401437e-03 5.63774707e-03
 3.00895678e-03 1.32287269e-03 1.79393412e-04 3.88552365e-03
 1.26665005e-03 8.39581298e-05 1.23677469e-05 1.10059392e-03
 1.36945416e-04 1.35559253e-06 4.15198142e-04 3.62581322e-04
 1.65088791e-03 1.66566967e-03 5.51557945e-04 1.61867787e-03
 8.67594695e-04 8.23650292e-04 1.44735354e-04 1.76628248e-05
 1.03205897e-03 8.61122735e-04 3.29296154e-03 6.89805110e-03
 1.37719424e-03 1.22713505e-04 7.04148345e-04 1.04432956e-02
 1.91549220e-03 9.21054900e-04 6.77431865e-03 4.18930879e-04
 5.82806580e-04 1.02605404e-04 2.91138226e-03 5.85044452e-04
 9.85807028e-05 9.25900774e-03 1.29890931e-02 1.95292343e-03
 2.47782873e-03 2.29321566e-02 6.39556764e-03 2.14502303e-02
 6.41925544e-04 3.14540458e-04 1.52480834e-04 3.06961367e-04
 8.71441268e-04 6.36293892e-03 1.35826426e-02 1.73247558e-03
 4.27787469e-03 1.96192118e-03 2.31009295e-03 1.92780139e-04
 5.38661322e-03 8.88655615e-03 3.25311884e-02 1.59914519e-02
 4.58563578e-02 7.81984387e-03 1.66870365e-01 1.06067248e-01
 4.35202601e-02 4.24079855e-05 1.27571820e-03 2.43279052e-04
 7.47828809e-03 2.41066741e-03 1.07163034e-03 9.47908032e-04
 3.33042803e-03 8.98706102e-05 3.11153387e-03 8.13644455e-06
 1.22754314e-04 9.38180391e-06 7.71059088e-07 3.66801320e-05
 4.75696017e-06 2.85385557e-08 2.14319276e-03 3.99040183e-07
 7.14690895e-05 1.41643524e-03 2.01408299e-03 8.02344190e-04
 8.09528835e-04 4.79146041e-04 4.68627573e-03 1.97996581e-03
 2.15936258e-03 1.20819275e-02 5.92822173e-04 7.86975038e-03
 2.05051750e-04 7.18530304e-04 1.60201629e-04 2.35102698e-05
 2.13833549e-03 1.56819715e-04 9.65799919e-03 3.72950498e-03
 6.54831054e-03 6.44275122e-03 7.34363428e-03]"
Logistic Joint (normal),431,43,0.777262180974478,0.797580296373859,0.7230484412077571,0.8655585581561551,0.006794868963508064,-0.0017640194852969497,0.01296557733245365,0.05853510996363103,0.11082667590825739,"[0.0452426  0.0390856  0.04321579 0.05885845 0.04473912 0.03945093
 0.07767625 0.03861048 0.03745035 0.04793316 0.03626121 0.05331323
 0.03256106 0.02972346 0.09568096 0.0412713  0.0511122  0.04467153
 0.04256551 0.04954822 0.04845701 0.06630835 0.10169145 0.04817666
 0.0554614  0.06777441 0.07417223 0.0551732  0.02343119 0.03767071
 0.05150055 0.03076742 0.0518433  0.05113811 0.04251813 0.04187666
 0.04600209 0.04599256 0.04788226 0.10166846 0.05343694 0.08654523
 0.09437022 0.02698454 0.03403329 0.0298148  0.05538909 0.03254284
 0.02689372 0.15312504 0.05871748 0.02978359 0.05087413 0.09125666
 0.05365757 0.04966258 0.11192189 0.06748573 0.1150338  0.12923247
 0.13422179 0.10303346 0.08255654 0.11610301 0.02404933 0.01859313
 0.08674438 0.06554566 0.10427027 0.08426475 0.20333416 0.37418207
 0.42517333 0.45214913 0.40385007 0.02600409 0.03974377 0.05758341
 0.0213471  0.03111491 0.03004367 0.05835916 0.02847815 0.07317331
 0.03846719 0.04541617 0.04193825 0.04527706 0.0367439  0.08113008
 0.05506513 0.05076197 0.06039551 0.06042565 0.0735361  0.0536102
 0.06318512 0.05470555 0.05421735 0.06457348 0.00837644 0.01210666
 0.00883774 0.02083448 0.07377375 0.03952732 0.01774368 0.09379966
 0.03207169 0.0287105  0.06235532 0.15952948 0.07203645 0.06622194
 0.12782717 0.10756544 0.04268148 0.06911382 0.10908695 0.08975103
 0.04841061 0.13514099 0.13144718 0.09161257 0.1282506  0.10617759
 0.08916578 0.11160997 0.10133437 0.10405096 0.09755887 0.08415782
 0.07887183 0.06626148 0.07061034 0.06283743 0.02147972 0.01764735
 0.06715962 0.0661205  0.09827275 0.06556153 0.04670932 0.06651522
 0.06463867 0.06833401 0.04826304 0.02761697 0.06352963 0.04505686
 0.02963697 0.02537327 0.05160316 0.0485526  0.03908261 0.03303922
 0.02100577 0.02275725 0.02383232 0.0261917  0.02236412 0.02822445
 0.03598778 0.04674742 0.04518602 0.08942738 0.032084   0.05524761
 0.05523292 0.06297136 0.0220109  0.04598449 0.05840936 0.05487733
 0.06898465 0.0546317  0.13089997 0.0338595  0.03816881 0.04943513
 0.02846525 0.02729752 0.0263737  0.06042979 0.05278008 0.02083545
 0.03776374 0.05443042 0.04178821 0.04805979 0.04433114 0.04404486
 0.06739709 0.0829038  0.03951368 0.02382445 0.02936867 0.0477154
 0.01978179 0.02216671 0.01996307 0.02301556 0.10759438 0.02130358
 0.0779933  0.02600811 0.08049044 0.07814295 0.05558066 0.0812363
 0.08184902 0.07289194 0.15255024 0.07546584 0.13035721 0.11046409
 0.09978411 0.11336892 0.11064061 0.12928956 0.15483422 0.12837874
 0.16779355 0.16048036 0.15145362 0.17944634 0.01853943 0.01662119
 0.01564937 0.01797794 0.01886016 0.01807782 0.02052887 0.01715155
 0.0224028  0.01816202 0.07410821 0.05219672 0.09666737 0.06062623
 0.06996103 0.07032412 0.04596209 0.03902131 0.03678555 0.03596145
 0.09214526 0.12937374 0.11326106 0.10257656 0.11443842 0.10724596
 0.13580642 0.09830387 0.11625756 0.11501366 0.15394623 0.15270924
 0.17059272 0.14858413 0.21623719 0.01224111 0.01316965 0.01239416
 0.00956275 0.00965174 0.00930169 0.00917197 0.00924546 0.00837757
 0.00743016 0.00731877 0.00702828 0.00687223 0.0070831  0.00682032
 0.04168844 0.02261049 0.0341521  0.02888925 0.01186979 0.01391485
 0.01149884 0.01151511 0.0206961  0.02097225 0.02022567 0.02133944
 0.01791002 0.0182725  0.01624854 0.01611066 0.01297676 0.01346569
 0.01150494 0.01108748 0.01023647 0.01122353 0.01228338 0.00958215
 0.0230192  0.02745188 0.02627994 0.01341765 0.02380273 0.02324429
 0.03459572 0.0231448  0.02212074 0.03548101 0.02592906 0.03865803
 0.02579273 0.06695024 0.11929073 0.13865872 0.09989705 0.02445678
 0.18014408 0.06438093 0.0279434  0.04299882 0.06235665 0.07390594
 0.05516152 0.03893674 0.02122299 0.0590016  0.03291274 0.00533833
 0.00598571 0.02907415 0.01105684 0.00570072 0.00846166 0.00843624
 0.02583469 0.02629053 0.01179845 0.02647871 0.02262645 0.02210247
 0.01706774 0.02246362 0.02908339 0.02835111 0.03800288 0.04765863
 0.03319787 0.03211175 0.03352636 0.0494303  0.0495154  0.0492199
 0.03970967 0.03772223 0.03689825 0.03981467 0.03362676 0.03590208
 0.0224824  0.05011452 0.07959043 0.03895431 0.04011425 0.10061955
 0.05233204 0.09178458 0.03433846 0.03352373 0.03308461 0.03276944
 0.03260219 0.03915615 0.08220372 0.04839861 0.06008378 0.05857239
 0.05947282 0.01599101 0.05793304 0.08051027 0.16498377 0.11112399
 0.19991307 0.09649179 0.38266801 0.29635599 0.19167474 0.01472081
 0.0174243  0.01385635 0.04842379 0.02340483 0.01708897 0.01681401
 0.02709154 0.01613687 0.04675055 0.01859939 0.02268286 0.02003452
 0.01922479 0.02079935 0.01864478 0.01931117 0.0241055  0.02895177
 0.02794748 0.02269025 0.04563422 0.04395888 0.04461958 0.04432062
 0.07265406 0.06194421 0.06433119 0.12246149 0.05522173 0.10150385
 0.05010002 0.03063022 0.03629337 0.0454516  0.0219503  0.0346115
 0.02160502 0.0161192  0.01670463 0.01621054 0.01767458]","[5.14834030e-03 2.24354433e-03 2.75971197e-03 7.31516873e-03
 9.19582589e-04 4.93012487e-04 1.19033739e-02 2.45006078e-03
 3.60065401e-04 1.32609087e-03 3.67466665e-03 9.09990669e-03
 2.38845012e-03 1.58756884e-03 2.38959907e-02 6.33359382e-03
 9.36751107e-03 7.52356288e-03 3.99463765e-03 6.51228448e-03
 6.66870127e-03 1.42318863e-02 3.00772034e-02 6.60551631e-03
 1.01658177e-02 1.63161818e-02 1.92360203e-02 1.23594375e-02
 1.34710267e-05 2.73558780e-03 8.53104039e-03 5.29373340e-05
 4.37456267e-03 7.06810207e-03 2.29453861e-03 5.93845246e-05
 6.82174692e-04 1.21507532e-05 1.19904930e-03 2.42871330e-02
 7.53812715e-03 1.92935932e-02 2.22799983e-02 5.85281839e-06
 1.15639390e-03 7.74418362e-04 1.05364744e-02 3.03161138e-04
 9.05742386e-04 4.27752408e-02 7.35022880e-03 4.25497543e-05
 3.42661576e-03 1.71892545e-02 3.71983834e-03 1.71384375e-04
 2.64242889e-02 4.54977696e-03 2.85056910e-02 3.75598140e-02
 4.39431846e-02 2.34322057e-02 7.41228655e-03 3.70990254e-02
 7.90245402e-04 8.64904619e-05 1.59399177e-02 9.35416591e-03
 2.24269901e-02 1.53714297e-02 7.42800530e-02 2.10492450e-01
 2.72168861e-01 3.09009730e-01 2.59518301e-01 1.38876383e-03
 4.23328461e-03 8.96243807e-03 4.95549209e-04 2.73527109e-03
 2.46878010e-03 9.41572099e-03 2.30784074e-03 1.32720908e-02
 4.71039761e-03 6.39706494e-03 5.54387152e-03 6.40568615e-03
 4.57776681e-03 1.53031009e-02 8.72513419e-03 7.71741781e-03
 9.96060602e-03 9.93953396e-03 1.28659525e-02 8.13332862e-03
 1.03747379e-02 8.38733535e-03 8.19976557e-03 1.03009254e-02
 1.30448753e-04 2.55434784e-04 2.43746137e-05 9.87512091e-04
 9.18338073e-03 3.22015004e-03 4.32396026e-05 1.45334664e-02
 1.46230070e-03 1.80298625e-05 5.00975348e-03 4.05772052e-02
 3.95123762e-03 7.47392473e-04 2.28585532e-02 1.19158489e-02
 4.06191660e-03 1.87445369e-02 2.43071319e-02 1.60811125e-02
 2.14076092e-03 3.79223768e-02 3.58017611e-02 1.03505580e-02
 4.30903765e-02 2.01303030e-02 4.47293628e-03 4.08366334e-02
 2.65756531e-02 4.34145771e-02 3.43908498e-02 2.72047911e-02
 2.65626166e-02 1.90779523e-02 2.94524281e-02 1.87523474e-02
 9.99001312e-04 3.73143640e-04 1.03218946e-02 1.00237056e-02
 1.85022062e-02 1.00777466e-02 5.92091102e-03 1.02759534e-02
 9.85581081e-03 1.07454737e-02 6.27116704e-03 2.42184719e-03
 9.35346400e-03 5.50371618e-03 2.75053540e-03 2.11817924e-03
 6.59641015e-03 6.02654242e-03 4.34579878e-03 3.24593470e-03
 1.48321795e-03 1.71007940e-03 1.83356070e-03 2.13999928e-03
 1.62264640e-03 6.48370732e-04 7.68111802e-04 4.85718532e-03
 4.03707460e-03 2.28910388e-02 2.65428808e-03 6.98747004e-03
 6.90180020e-03 8.40191401e-03 1.00067493e-03 4.90329066e-03
 8.98918271e-03 7.42771567e-03 1.28246324e-02 7.20961439e-03
 4.08551781e-02 1.89098904e-03 3.55196056e-03 7.60348433e-03
 2.05924894e-06 1.21701023e-07 1.08709980e-03 8.44399053e-03
 6.69477248e-03 1.28232313e-03 3.65989669e-03 6.07311269e-03
 4.12108284e-03 4.83825024e-03 4.67874065e-03 3.79788280e-03
 1.02114249e-02 1.45470272e-02 3.32918269e-03 1.21801637e-03
 1.89712066e-03 6.57889514e-03 1.15067621e-04 1.14172511e-03
 1.07617267e-04 1.19776221e-03 2.24393080e-02 3.36842294e-04
 1.33671408e-02 9.89583895e-04 1.43262154e-02 1.35327982e-02
 7.23429457e-03 1.47756496e-02 1.50652907e-02 1.22694572e-02
 4.42213747e-02 1.30747083e-02 3.42681392e-02 2.60769311e-02
 2.20180199e-02 2.78812923e-02 2.69344545e-02 3.51963978e-02
 4.75878667e-02 3.54339204e-02 5.50989559e-02 5.20625061e-02
 4.77226115e-02 6.27291762e-02 6.51354820e-04 9.51086541e-05
 9.86968123e-06 2.75169565e-04 3.48840026e-04 2.86981369e-04
 6.39217270e-04 2.31471066e-04 8.73029573e-04 3.24122293e-04
 1.45460117e-02 8.07486135e-03 2.17265449e-02 9.99960274e-03
 1.23864619e-02 1.24369323e-02 6.10746159e-03 4.43437675e-03
 4.03703392e-03 3.62297068e-03 1.66642200e-02 2.84728166e-02
 2.32464683e-02 2.01237330e-02 2.36328295e-02 2.15493905e-02
 3.10302591e-02 1.89825106e-02 2.47148972e-02 2.42462215e-02
 3.83201580e-02 3.79515000e-02 4.56095039e-02 3.65835599e-02
 6.73455483e-02 2.09487864e-04 3.72947670e-04 2.87564168e-04
 2.14735735e-06 2.41434753e-05 3.63412684e-07 3.00628310e-05
 3.45009108e-05 2.56050755e-05 1.62360818e-05 2.16540691e-05
 4.87649579e-07 3.07305707e-07 1.04428917e-05 4.16537724e-06
 4.22338522e-03 1.40120679e-05 2.36968221e-03 1.09246728e-03
 2.07416913e-06 2.37180842e-04 4.36124037e-05 2.47816740e-05
 3.11290140e-04 8.64809754e-05 1.66756116e-04 5.68054222e-04
 6.43172916e-04 7.64494532e-04 6.84931240e-04 4.93840364e-04
 2.72121989e-04 2.08549109e-04 8.68167224e-05 1.01495066e-05
 2.50087514e-06 4.48747303e-05 2.21633349e-04 4.02562917e-05
 1.24443096e-03 1.67212008e-03 1.53634398e-03 4.00778390e-04
 1.28951709e-03 1.23104127e-03 3.85911652e-03 6.53651209e-04
 1.46220737e-04 4.35557990e-03 2.16697032e-03 4.95467686e-03
 2.12212346e-03 1.17062907e-02 2.94041365e-02 3.75545706e-02
 2.19850367e-02 2.17730941e-04 5.25998146e-02 8.73932866e-03
 1.33787006e-03 4.06714861e-03 7.30276490e-03 9.24801959e-03
 5.58332486e-03 3.07613065e-03 1.02327946e-03 5.34885345e-03
 2.08964308e-03 2.83098526e-07 2.99808233e-05 1.61498127e-03
 3.24871957e-04 4.64092283e-05 2.12066290e-04 2.05039614e-04
 1.30248606e-03 1.34109951e-03 3.83953972e-04 1.31829547e-03
 1.38431922e-03 1.24460292e-03 4.57981180e-04 1.43418760e-05
 1.03742773e-03 6.65865130e-04 2.83451892e-03 5.92373060e-03
 8.25418035e-04 1.74059558e-06 2.49961195e-04 7.16523317e-03
 3.79282472e-03 2.92611425e-03 3.40772793e-03 2.55995400e-05
 6.10590801e-06 3.11200846e-04 6.59746411e-04 2.26564833e-05
 2.28253370e-06 7.25478211e-03 1.56082460e-02 3.42763883e-03
 3.92570365e-03 2.62934858e-02 7.78705787e-03 2.41067895e-02
 7.97250927e-04 3.66424699e-04 1.31138915e-04 2.35285941e-04
 6.89129957e-04 4.07344799e-03 1.69896669e-02 3.25736824e-03
 6.91429720e-03 2.44672614e-03 2.57095775e-03 4.66137488e-04
 6.53590982e-03 1.13076900e-02 3.81973460e-02 1.97245388e-02
 5.95645562e-02 1.68649203e-02 2.02769143e-01 1.34631368e-01
 6.33808207e-02 2.85852067e-04 5.38574368e-04 2.25792947e-05
 5.64688730e-03 1.32721791e-03 3.73942932e-04 3.15776016e-04
 1.89749498e-03 4.99561298e-05 6.23253625e-03 2.96360712e-04
 9.27983105e-04 5.93757918e-04 4.69106209e-04 7.33297759e-04
 3.83765582e-04 5.61119719e-04 1.71259809e-04 1.10472252e-03
 8.71105495e-04 8.62127448e-08 5.43408402e-03 4.37505130e-03
 4.63206865e-03 4.35564517e-03 1.31570672e-02 9.30409023e-03
 9.98028486e-03 2.96256108e-02 6.79826331e-03 2.15829762e-02
 5.46187445e-03 1.12461599e-03 2.23327031e-03 4.14701737e-03
 1.49682679e-04 2.03035175e-03 1.78591924e-03 6.68553761e-05
 7.14999666e-04 8.04368359e-04 1.20184607e-03]"
Logistic Independent (skew),431,43,0.665893271461717,0.8015777791109244,0.705862203953807,0.8868948437606994,0.0280659729270676,0.010474853372766844,0.04618917782845703,0.06255780143345943,0.11692711904293664,"[0.06258443 0.05084091 0.05225288 0.0694807  0.04427627 0.03489562
 0.08011035 0.03334069 0.03257122 0.04437519 0.0325356  0.04008504
 0.02579289 0.02294007 0.09695239 0.03728872 0.05092527 0.04647159
 0.02660599 0.02702381 0.02797175 0.03795052 0.06790287 0.02632792
 0.03049505 0.04056279 0.04851864 0.03501643 0.02579977 0.06443739
 0.02413412 0.04864487 0.12717524 0.03690358 0.05427127 0.09987539
 0.09565625 0.11643482 0.14349501 0.1209883  0.06287695 0.0929037
 0.10414399 0.0294078  0.04686941 0.02290187 0.03351869 0.03933036
 0.02174874 0.07939164 0.02865187 0.07157143 0.0470259  0.04051658
 0.05386126 0.1055777  0.05237762 0.08576588 0.05779156 0.05337162
 0.0507405  0.06715555 0.10206987 0.0503377  0.02155665 0.02297642
 0.06949536 0.05282232 0.08440253 0.07001047 0.17184612 0.33731604
 0.39530991 0.42327875 0.37724114 0.01847196 0.02212246 0.09481995
 0.03764775 0.05960695 0.05834725 0.10230207 0.05894958 0.12366792
 0.08296905 0.09620546 0.09124139 0.09796719 0.08910824 0.14437273
 0.11576262 0.11148548 0.12315749 0.12316087 0.13855002 0.11490139
 0.12541921 0.11826848 0.11779581 0.12825123 0.01496519 0.01079169
 0.01264681 0.01226735 0.04204475 0.01932487 0.03164739 0.04266793
 0.02432836 0.05119773 0.03942469 0.07035843 0.06146329 0.08496939
 0.07175562 0.07690987 0.02498251 0.22313627 0.0425128  0.04720268
 0.18370946 0.0725308  0.07364535 0.11087817 0.07078747 0.10339025
 0.14563496 0.05732593 0.07650856 0.04093758 0.05284828 0.05062797
 0.04275644 0.04247268 0.02348403 0.03782487 0.02068727 0.02079229
 0.06439323 0.0645143  0.09835492 0.0680504  0.04866554 0.06985212
 0.06840937 0.07346093 0.05427796 0.03428928 0.0753395  0.05622806
 0.03809745 0.03459382 0.06507132 0.06303193 0.05122986 0.04566707
 0.0319074  0.03400627 0.03564191 0.03873289 0.03460164 0.0226611
 0.05425659 0.0223627  0.02256006 0.04778724 0.02326278 0.04082709
 0.04003215 0.04340051 0.01416032 0.029011   0.03464757 0.03153941
 0.04056599 0.0282864  0.10171739 0.0205924  0.02075249 0.03027613
 0.02615381 0.02370485 0.0156178  0.09665132 0.08826208 0.04410695
 0.07122339 0.08839845 0.0743555  0.07988087 0.04439504 0.03748119
 0.05601223 0.0657456  0.04120338 0.02855479 0.02109352 0.06928788
 0.01770724 0.01593508 0.02692667 0.01607003 0.14860067 0.03229307
 0.11773388 0.04427552 0.12322125 0.12740009 0.1063693  0.14491257
 0.14663494 0.13976731 0.24078938 0.14962609 0.21991075 0.19813519
 0.19093565 0.21047663 0.20741892 0.23258374 0.26584989 0.24172734
 0.28760259 0.28840464 0.27688721 0.30871164 0.01258579 0.0173385
 0.01473359 0.02016121 0.02109413 0.01983315 0.02437448 0.01828226
 0.02652576 0.01911555 0.07636594 0.05387625 0.10213959 0.06545039
 0.07349621 0.07576531 0.04978674 0.04399862 0.04233449 0.04387641
 0.1105626  0.15166992 0.13566792 0.12838256 0.14174023 0.13747086
 0.16487277 0.13022447 0.15284698 0.15046131 0.18973164 0.1899736
 0.21350173 0.19022547 0.26069721 0.00615354 0.00565507 0.00566597
 0.01426687 0.01708705 0.01326609 0.01966006 0.0204944  0.02073663
 0.0150269  0.0221848  0.01881567 0.01853407 0.02159895 0.02030467
 0.03056956 0.02336452 0.01925101 0.01752577 0.0096174  0.00888631
 0.01249358 0.00907728 0.02730427 0.01686829 0.01580289 0.013428
 0.01863467 0.01676988 0.01605185 0.01455026 0.01269757 0.01186762
 0.01090854 0.00972813 0.00960235 0.00952338 0.00906222 0.00806771
 0.01527058 0.01929467 0.01776045 0.00896684 0.0153807  0.01502328
 0.05018491 0.02532536 0.0209667  0.0606334  0.04388474 0.06740755
 0.04548049 0.10639508 0.14289269 0.16339762 0.12677648 0.02597149
 0.20255319 0.07736482 0.03471409 0.05241613 0.0694621  0.08039583
 0.05990392 0.0430548  0.02414685 0.06005603 0.03420583 0.00653392
 0.00738912 0.02972071 0.01277032 0.0075293  0.00787471 0.00763882
 0.02137646 0.02120916 0.00973954 0.02138309 0.01960403 0.01852346
 0.01322822 0.02476102 0.02410844 0.02553993 0.02962785 0.0360194
 0.03064942 0.03535989 0.032347   0.03922209 0.05987781 0.05632697
 0.03366714 0.04026789 0.03852726 0.04219974 0.03193682 0.03672128
 0.02838968 0.07931896 0.050959   0.02352537 0.02393891 0.06375023
 0.0292464  0.0560636  0.02926952 0.03146474 0.03337784 0.03121838
 0.02743184 0.08123619 0.04424498 0.04714203 0.04723788 0.06396951
 0.06374666 0.0152789  0.0313594  0.04177689 0.09994908 0.0589771
 0.09450822 0.04875744 0.20311507 0.13587192 0.07581396 0.01343142
 0.02787283 0.01923498 0.07212393 0.04083512 0.02964399 0.03048476
 0.05107042 0.02618609 0.02761573 0.01080314 0.01198058 0.0105466
 0.01024763 0.01037005 0.01003705 0.01006692 0.02776506 0.01880913
 0.01841082 0.02476861 0.03403532 0.02775163 0.02792886 0.02558658
 0.04397143 0.03262408 0.03320791 0.07070428 0.02483236 0.05446021
 0.02247769 0.02156246 0.01979788 0.01960634 0.02689593 0.01754417
 0.0633364  0.0354621  0.04937419 0.0496937  0.05485909]","[1.05141615e-02 6.42180576e-03 6.64492249e-03 1.20781170e-02
 2.16912586e-03 1.18224734e-04 1.40194621e-02 1.84540003e-03
 2.28398079e-04 1.81446055e-03 3.65909579e-03 6.75370673e-03
 1.87421466e-03 9.40835151e-04 2.36355326e-02 6.72451168e-03
 1.00421174e-02 8.85221246e-03 2.52325598e-04 9.45107218e-04
 1.14812288e-03 5.19740563e-03 1.55256318e-02 9.64786622e-04
 3.06018072e-03 6.82045396e-03 9.40257326e-03 5.56923467e-03
 1.45787270e-03 1.12309602e-02 3.03919127e-04 5.78487527e-03
 3.40688389e-02 1.29935649e-03 5.87072254e-03 2.21197125e-02
 2.00569546e-02 3.00491055e-02 4.51794903e-02 3.01643335e-02
 9.83642189e-03 1.98766859e-02 2.40676908e-02 1.01993215e-03
 4.60022088e-03 3.45476347e-05 4.41089911e-03 2.71919997e-03
 2.44966654e-04 1.51340360e-02 4.13168741e-06 1.66624036e-02
 5.46542098e-03 2.72132824e-04 7.75699753e-03 3.11668075e-02
 1.46590341e-03 1.82973449e-02 2.15040549e-03 6.01960569e-04
 1.26087342e-04 4.47233482e-03 1.73088346e-02 4.98003664e-04
 1.95295521e-04 5.15392072e-04 1.11502949e-02 5.91011243e-03
 1.65214093e-02 1.06438143e-02 6.17293079e-02 1.90459947e-01
 2.54890614e-01 2.91301239e-01 2.44899432e-01 2.03204987e-06
 3.36323961e-04 1.96256736e-02 4.91212045e-03 1.00849807e-02
 9.79453653e-03 2.19239134e-02 9.86617683e-03 2.90621932e-02
 1.64377737e-02 2.05099807e-02 1.88415826e-02 2.08113335e-02
 1.81387246e-02 3.64093141e-02 2.65240498e-02 2.50585654e-02
 2.90187465e-02 2.88770262e-02 3.41683511e-02 2.57218468e-02
 2.95217301e-02 2.69609864e-02 2.69332734e-02 3.00799159e-02
 4.41182732e-04 2.39245966e-06 1.87926576e-04 6.35085885e-05
 4.00765540e-03 6.15690364e-04 4.67179264e-03 2.16136229e-03
 1.29490872e-03 1.24739553e-02 2.30963374e-03 2.52662661e-03
 8.76586479e-03 2.17816014e-02 6.99042045e-04 5.29443966e-03
 8.08078264e-04 1.02954483e-01 9.04272218e-04 3.51555348e-03
 8.30037496e-02 5.32752613e-03 5.85229446e-03 2.71070335e-02
 2.81933641e-03 1.44373736e-02 3.16741707e-02 9.60372407e-04
 4.84946481e-03 1.36768538e-05 7.44652310e-04 8.70564384e-04
 3.41112299e-04 4.91889072e-04 1.43991960e-04 2.83017807e-04
 1.06008369e-03 4.54576321e-04 1.04738872e-02 1.05141517e-02
 1.88791925e-02 1.11731258e-02 6.81884870e-03 1.14310402e-02
 1.09756714e-02 1.22529143e-02 7.79726615e-03 3.80325633e-03
 1.18626020e-02 7.79605776e-03 4.39898884e-03 3.78195574e-03
 9.25429875e-03 8.68230125e-03 6.50726209e-03 5.35968894e-03
 3.06117652e-03 3.33277933e-03 3.50637804e-03 3.95263579e-03
 3.31882804e-03 3.26452183e-04 6.89306686e-03 1.98074273e-04
 1.12005871e-05 7.79310951e-03 1.11000286e-03 3.84059411e-03
 3.79714106e-03 4.28870861e-03 2.07325548e-05 1.93232048e-03
 3.93735832e-03 2.91880482e-03 5.94047998e-03 1.59127849e-03
 2.57743048e-02 2.70153974e-04 8.66526431e-04 3.67544094e-03
 6.66760577e-04 5.71940726e-04 9.60271244e-05 1.53129255e-02
 1.32374664e-02 4.70054007e-03 8.89716531e-03 1.23102792e-02
 9.36786343e-03 1.03028893e-02 6.24199185e-03 2.35790716e-03
 6.87122168e-03 9.31529228e-03 6.09838818e-03 2.88383943e-03
 3.66131824e-04 1.19982653e-02 2.84520312e-04 4.38286325e-05
 2.16914997e-03 1.26466068e-05 3.58783452e-02 3.16885477e-03
 2.51564401e-02 5.50856400e-03 2.69656736e-02 2.89094850e-02
 2.22125875e-02 3.65282203e-02 3.74582144e-02 3.45135320e-02
 8.48927222e-02 3.91462231e-02 7.32543480e-02 6.22086858e-02
 5.90619746e-02 6.92612340e-02 6.78515949e-02 8.25156747e-02
 1.03198079e-01 8.88884412e-02 1.19350891e-01 1.20620655e-01
 1.13368004e-01 1.36166801e-01 2.54554030e-04 4.03183407e-04
 1.67318449e-04 7.38198892e-04 8.62654769e-04 7.21725795e-04
 1.22224577e-03 5.68163101e-04 1.47924395e-03 6.71730489e-04
 1.49712565e-02 8.65895864e-03 2.31256280e-02 1.12825848e-02
 1.29834637e-02 1.36516495e-02 6.89042065e-03 5.28982554e-03
 5.02558832e-03 5.93120527e-03 2.22823460e-02 3.65471607e-02
 3.05670848e-02 2.80415735e-02 3.27615577e-02 3.11806834e-02
 4.15529259e-02 2.88758759e-02 3.70370388e-02 3.62001944e-02
 5.25837096e-02 5.31111637e-02 6.41724239e-02 5.30676197e-02
 9.08199239e-02 5.69122353e-05 1.78159491e-05 3.79934850e-05
 6.49932638e-04 8.34762510e-04 5.56579939e-04 9.53075398e-04
 1.02387034e-03 9.90328260e-04 5.43111636e-04 9.82050499e-04
 7.42079925e-04 7.28045387e-04 9.18273358e-04 8.37155522e-04
 2.05586953e-03 1.71245277e-03 5.41125990e-05 5.70653736e-05
 2.04678504e-04 6.43119689e-07 5.58065782e-04 1.57993979e-04
 2.82575024e-03 6.43231329e-04 5.21736970e-04 1.51276439e-04
 5.27787091e-04 4.45862248e-04 9.73017036e-04 2.68364889e-04
 5.23552945e-04 6.28160601e-05 2.68155231e-04 2.43247612e-05
 9.01809900e-05 2.72316413e-06 1.56055259e-05 2.16106411e-05
 5.28914288e-04 8.68362126e-04 7.34589435e-04 6.60385710e-05
 5.38630469e-04 5.05055342e-04 7.58303033e-03 2.44318419e-03
 1.46123035e-03 9.25397804e-03 5.87455739e-03 1.04433901e-02
 6.07495404e-03 1.97368540e-02 3.96462719e-02 4.91155708e-02
 3.27876454e-02 1.47840871e-04 6.35060852e-02 1.21011698e-02
 2.67433370e-03 5.99848438e-03 8.71762205e-03 1.07196545e-02
 6.48013076e-03 3.66531819e-03 1.37827314e-03 5.73737841e-03
 2.36139056e-03 7.82682874e-06 6.29978330e-05 1.83429734e-03
 4.45689958e-04 9.83686916e-05 1.41125761e-04 1.33065133e-04
 1.10697127e-03 1.10197860e-03 2.75345778e-04 1.10509414e-03
 6.51131750e-04 5.67491561e-04 5.16297076e-05 2.10392425e-04
 1.04174068e-04 3.45646440e-05 9.42224156e-04 3.12397715e-03
 5.56035128e-05 4.11332898e-04 2.80063885e-05 4.62108693e-03
 6.03736416e-03 4.09874878e-03 2.39787447e-03 1.61581263e-04
 6.13163141e-05 4.54981822e-04 5.33046259e-04 2.69890578e-05
 1.05789168e-03 1.41681131e-02 8.46919229e-03 2.38813146e-04
 4.06543284e-04 1.31357092e-02 1.82056409e-03 1.12726171e-02
 2.55163508e-04 5.67285927e-04 8.74063670e-04 5.91850699e-04
 1.66728944e-04 1.76003298e-02 3.27994783e-03 1.43176787e-03
 2.83719944e-04 2.76029476e-03 2.49306815e-03 1.15496383e-04
 2.26031099e-03 3.52706279e-03 1.88540608e-02 7.00775232e-03
 1.74061167e-02 2.74545267e-04 9.15017118e-02 4.67282219e-02
 9.74399351e-03 8.42752336e-05 2.86336380e-03 1.29395216e-03
 1.16272713e-02 5.30200090e-03 3.23145841e-03 3.25713589e-03
 7.56163104e-03 2.13760554e-03 1.13974489e-05 4.81106107e-05
 4.68764677e-05 1.46740765e-06 2.67504770e-05 2.22656519e-06
 4.87565361e-05 2.27459287e-05 2.68116158e-03 2.83893541e-05
 2.22004746e-04 2.02373424e-03 2.00879306e-03 6.70185717e-04
 7.09065972e-04 3.36275958e-04 4.20916867e-03 1.62161889e-03
 1.74086407e-03 1.11006524e-02 3.37370492e-04 6.85763590e-03
 7.05451663e-05 1.06030051e-03 3.45980511e-04 2.57252084e-06
 2.66857314e-03 3.46998085e-04 1.08552834e-02 4.64401147e-03
 7.47373386e-03 7.44407641e-03 8.44918201e-03]"
Logistic Independent (normal),431,43,0.8004640371229699,0.8021189336978811,0.7103706265700659,0.8772941680960549,0.0006631491062219411,-0.009481487216917777,0.007032029318710682,0.05983232012346005,0.10836793994295972,"[0.05388352 0.04934689 0.0547542  0.07446352 0.05568244 0.04436266
 0.09380181 0.03844763 0.04220063 0.05906105 0.03420496 0.06739199
 0.04722436 0.04363944 0.11045866 0.05805893 0.06770129 0.06128161
 0.03693189 0.04158804 0.04061719 0.05146236 0.07610954 0.03845987
 0.04190264 0.04877693 0.05354398 0.03947044 0.02759245 0.04182165
 0.05301565 0.0380524  0.05967749 0.05494845 0.05036255 0.05316951
 0.05670355 0.05787153 0.06141505 0.11264044 0.06558275 0.10444052
 0.11168364 0.0311943  0.0386316  0.03299433 0.05209281 0.03895761
 0.0288495  0.14275643 0.05680362 0.03458921 0.04966716 0.08371953
 0.05333952 0.05341176 0.10012728 0.06650725 0.10085701 0.11111814
 0.1146173  0.08904908 0.07768435 0.09624852 0.02616363 0.02320693
 0.07991951 0.06132981 0.09363188 0.07782576 0.17987257 0.33859053
 0.38457181 0.4097652  0.362624   0.02741527 0.04077068 0.05605639
 0.02295782 0.03181897 0.03034993 0.05751487 0.0298754  0.07223175
 0.03891206 0.0459674  0.04258935 0.04627898 0.0380936  0.08006882
 0.05588714 0.05160268 0.06099312 0.06077695 0.07380265 0.05442946
 0.06426236 0.05588006 0.05559002 0.0651326  0.00909575 0.01373533
 0.01060845 0.02126453 0.06586079 0.03663386 0.02387619 0.07863421
 0.0330845  0.03915752 0.0597678  0.1243066  0.07188568 0.07949423
 0.10626682 0.09919698 0.0433974  0.2001861  0.09139947 0.09250525
 0.18872616 0.12478208 0.12647968 0.14932534 0.10638563 0.13057141
 0.15432904 0.08358591 0.09943483 0.06406061 0.0744889  0.06841242
 0.05905463 0.05516855 0.03770681 0.05012979 0.02011043 0.01901186
 0.06303816 0.06206493 0.0935979  0.06141445 0.04333926 0.06182965
 0.05992321 0.06367899 0.04395782 0.02499001 0.05882096 0.04140983
 0.02680046 0.02300293 0.04741061 0.04484446 0.03596389 0.03003238
 0.01967683 0.02118232 0.0220034  0.02397569 0.02091454 0.03154919
 0.04057567 0.04293331 0.04114675 0.07610781 0.03325309 0.05617645
 0.05538232 0.06314357 0.02194306 0.04561198 0.05595916 0.0524146
 0.06561541 0.05271089 0.12159042 0.03404793 0.03602749 0.04384535
 0.03232724 0.03094825 0.02660453 0.05369572 0.04709574 0.0206442
 0.03603446 0.05198268 0.04048    0.0466676  0.0415965  0.05232448
 0.07360993 0.0911822  0.04619109 0.0225967  0.03309646 0.04247182
 0.02188404 0.02219369 0.02372024 0.0233112  0.10979232 0.02554934
 0.08284319 0.03141167 0.08566988 0.08406021 0.0636057  0.08895382
 0.09077085 0.08195441 0.16085715 0.08610029 0.13867969 0.11948573
 0.1099373  0.12401097 0.12269738 0.13993986 0.16499515 0.14077704
 0.17825231 0.17315562 0.16541977 0.19087105 0.01865051 0.01983909
 0.01834972 0.02186222 0.02267206 0.0216875  0.02468359 0.02079575
 0.02614862 0.02149609 0.06697143 0.04717413 0.08817145 0.05318243
 0.06222541 0.06198751 0.03922269 0.03258787 0.03068674 0.03890599
 0.09565201 0.13352732 0.11761401 0.10780013 0.11943628 0.11357294
 0.14054503 0.10421581 0.12330156 0.12123017 0.16035178 0.16013251
 0.17843722 0.15633707 0.22413234 0.01043056 0.01073885 0.01026752
 0.00911676 0.009678   0.00869989 0.00975786 0.00993581 0.00984454
 0.00729255 0.01061799 0.00867943 0.00883748 0.0101665  0.0095475
 0.04001543 0.02484927 0.03670532 0.03178723 0.01240438 0.01489083
 0.01165393 0.01216405 0.0202105  0.02120219 0.02043378 0.02139935
 0.01898665 0.01966177 0.01537229 0.01713721 0.01245865 0.01434259
 0.01138843 0.01148988 0.01060521 0.01177899 0.01305973 0.01002323
 0.02293004 0.02674995 0.02537961 0.01406857 0.02302547 0.02229937
 0.03865148 0.02679767 0.02488562 0.03989468 0.03075597 0.04277897
 0.02989982 0.07053994 0.16684279 0.18707003 0.14504267 0.0312635
 0.22592314 0.09510211 0.04693925 0.06845976 0.08166904 0.0910158
 0.06986972 0.0511568  0.03004633 0.06560008 0.03868865 0.00663204
 0.00827653 0.03278474 0.01423704 0.00815914 0.00692901 0.00698685
 0.01971506 0.02003985 0.00889966 0.02011494 0.01958072 0.01859995
 0.0152102  0.0268469  0.0302919  0.03145473 0.03675957 0.04334234
 0.03630221 0.0397155  0.03820424 0.04507367 0.06408941 0.06430678
 0.03975653 0.04801093 0.04748601 0.05206379 0.03921796 0.04633117
 0.02755997 0.05392791 0.07286341 0.03986374 0.04102429 0.08857324
 0.05053914 0.08058867 0.03972966 0.03905519 0.039167   0.03905298
 0.03829663 0.04817431 0.06995907 0.04794768 0.05506646 0.06106635
 0.06159605 0.01773594 0.05521069 0.07486346 0.14948374 0.10086086
 0.16994632 0.08223506 0.31566557 0.23765645 0.15342948 0.01266798
 0.01983758 0.01436762 0.05665214 0.02827657 0.01967683 0.01940765
 0.03343807 0.01580158 0.0349435  0.01927941 0.02293162 0.02016472
 0.01928565 0.02036806 0.01792437 0.01916043 0.02606281 0.03148198
 0.03012212 0.02433348 0.05043977 0.04927465 0.05034997 0.04958721
 0.07963217 0.06872808 0.07071658 0.12931004 0.06099946 0.10843159
 0.05590608 0.03459188 0.0409169  0.05007803 0.02474502 0.03774505
 0.02047881 0.01749191 0.01681657 0.01639969 0.01752123]","[7.82309381e-03 4.72634783e-03 5.90463306e-03 1.24404821e-02
 3.25956455e-03 1.17657638e-05 1.77778406e-02 6.78352223e-04
 1.55605811e-05 3.37789962e-03 1.57460914e-03 1.69318789e-02
 7.56414765e-03 6.56635474e-03 4.00027211e-02 1.66721057e-02
 2.19467034e-02 1.93013802e-02 1.75439819e-03 3.14621007e-03
 2.79833736e-03 7.60161288e-03 1.90943087e-02 2.20378183e-03
 4.29325093e-03 8.48439728e-03 1.05633947e-02 5.98935489e-03
 6.47759258e-07 2.41942219e-03 9.01682294e-03 9.70310039e-05
 4.53834556e-03 6.70539898e-03 2.13711324e-03 1.64673823e-04
 2.12406630e-04 2.59748372e-04 2.40851579e-03 3.05351146e-02
 1.17306468e-02 2.70441264e-02 3.05550517e-02 4.10883004e-05
 1.51084360e-03 5.44239305e-04 9.53211074e-03 5.04538238e-04
 7.44623161e-04 3.95285251e-02 6.17858734e-03 3.78421453e-04
 1.97784941e-03 1.29532457e-02 1.90913571e-03 1.70835564e-04
 1.80656366e-02 1.56899919e-03 1.85156991e-02 2.58577972e-02
 3.02675167e-02 1.28998164e-02 2.09089390e-03 2.32027416e-02
 5.89939130e-04 2.01449870e-04 1.36900197e-02 7.56824208e-03
 1.86618915e-02 1.21196192e-02 6.52198480e-02 1.94722777e-01
 2.51757641e-01 2.86544226e-01 2.38426033e-01 1.41677714e-03
 4.20740703e-03 8.93590362e-03 4.97146578e-04 2.75309903e-03
 2.54390413e-03 9.37928443e-03 2.34816328e-03 1.36452580e-02
 4.93636021e-03 6.64183610e-03 5.84899838e-03 6.84883130e-03
 5.00936741e-03 1.60251036e-02 9.37137638e-03 8.42598576e-03
 1.06980202e-02 1.06677616e-02 1.38895254e-02 8.97601794e-03
 1.13358822e-02 9.25993759e-03 9.15690428e-03 1.13660362e-02
 1.59389118e-04 9.90761714e-05 3.37369227e-06 4.39074384e-04
 6.15798343e-03 1.59157017e-03 1.53101876e-03 5.50315421e-03
 6.54454473e-05 4.21272836e-03 6.45230044e-08 1.26133827e-02
 8.11263487e-04 5.58541988e-03 2.13791347e-03 5.57507229e-06
 2.44871924e-03 1.36668293e-01 6.26078463e-03 1.15582661e-02
 1.03448501e-01 7.13683245e-03 8.06218820e-03 3.13495824e-02
 1.11257066e-03 9.68095065e-03 2.24706563e-02 3.45189888e-06
 1.65988339e-03 6.38774408e-04 4.16610981e-06 5.13738921e-07
 6.30830299e-05 2.24208245e-07 1.20962655e-03 2.47482246e-05
 7.63071831e-04 5.43856547e-04 9.48767187e-03 9.22487061e-03
 1.72656673e-02 9.09864784e-03 5.18980606e-03 9.23576240e-03
 8.76534176e-03 9.66589073e-03 5.42658571e-03 1.94148230e-03
 8.36716880e-03 4.75946635e-03 2.20963516e-03 1.70277885e-03
 5.86031658e-03 5.30936022e-03 3.75553617e-03 2.79054725e-03
 1.22651196e-03 1.44418690e-03 1.56395825e-03 1.86198313e-03
 1.39142152e-03 4.39252987e-04 1.88063148e-03 2.79403317e-03
 2.01523701e-03 1.69685271e-02 2.90192121e-03 7.29040076e-03
 7.09188228e-03 8.52683696e-03 1.00411784e-03 4.91244801e-03
 7.79666246e-03 6.33129440e-03 1.10840849e-02 5.65726632e-03
 3.69655203e-02 1.14900046e-03 2.50336123e-03 6.10743104e-03
 5.14575203e-05 3.72086692e-05 7.49140519e-04 7.60526211e-03
 6.09808961e-03 1.05425233e-03 3.70442272e-03 6.32361688e-03
 4.31684104e-03 5.19408615e-03 2.86744672e-03 6.14762075e-03
 1.14996417e-02 1.66869241e-02 5.01760514e-03 6.98893744e-04
 2.73355522e-03 5.19580757e-03 4.09082121e-04 8.19651337e-04
 2.80519053e-04 8.36514160e-04 2.41768371e-02 5.76348301e-04
 1.49987388e-02 1.44988033e-03 1.60267216e-02 1.55326509e-02
 8.91550295e-03 1.74058001e-02 1.78824003e-02 1.46346617e-02
 4.98783704e-02 1.62141039e-02 3.90512157e-02 3.04369620e-02
 2.63895766e-02 3.28363186e-02 3.19860394e-02 4.12613986e-02
 5.48359878e-02 4.21228174e-02 6.33286322e-02 6.08934656e-02
 5.61778831e-02 7.23215588e-02 3.49993361e-04 3.09358275e-04
 1.11689448e-04 5.54307937e-04 6.43432022e-04 5.51714439e-04
 9.89843296e-04 4.66818342e-04 1.25272168e-03 5.52124136e-04
 1.25323939e-02 6.52801166e-03 1.91290003e-02 8.13652759e-03
 1.03161222e-02 1.03285203e-02 4.62419012e-03 3.20708786e-03
 2.91821910e-03 4.22325975e-03 1.81490313e-02 3.06235773e-02
 2.52418239e-02 2.21685336e-02 2.60673000e-02 2.40350507e-02
 3.37535926e-02 2.14353905e-02 2.78316120e-02 2.72274060e-02
 4.21424401e-02 4.19799018e-02 5.04093153e-02 4.08727624e-02
 7.34847836e-02 1.07663506e-04 1.99508625e-04 1.41975098e-04
 4.38713103e-05 1.15056106e-04 3.34353102e-05 1.71506082e-04
 1.76420678e-04 1.94210474e-04 5.35078996e-05 2.65664581e-04
 1.52984572e-04 1.55467235e-04 2.32597009e-04 2.00404279e-04
 3.85745827e-03 1.07132853e-06 2.54968403e-03 1.22557283e-03
 2.11888700e-05 3.48543222e-04 1.42066033e-05 6.02715785e-05
 1.76101112e-04 1.86748391e-04 2.83754625e-04 7.16476859e-04
 8.15769365e-04 9.16543898e-04 5.27683552e-04 6.47904544e-04
 1.77699662e-04 2.99874545e-04 3.50189343e-05 3.20259402e-05
 1.25569844e-06 8.57062816e-05 2.64912876e-04 5.43759039e-05
 1.27654325e-03 1.70042448e-03 1.52792088e-03 4.02438227e-04
 1.28377797e-03 1.21151770e-03 4.87019721e-03 1.18253348e-03
 3.99050762e-04 5.62096820e-03 3.19137987e-03 6.49818114e-03
 3.13687395e-03 1.39789443e-02 4.99026633e-02 6.04983658e-02
 4.01859172e-02 1.30518399e-03 7.46311548e-02 1.65122846e-02
 4.84750414e-03 9.32873865e-03 1.11171585e-02 1.27147706e-02
 8.02470025e-03 4.78432763e-03 2.04873715e-03 6.47115422e-03
 2.79517836e-03 3.44250578e-05 1.38423027e-04 2.10148846e-03
 5.55184096e-04 1.48589855e-04 8.43424836e-05 8.78406884e-05
 9.76259179e-04 9.98813995e-04 2.19905017e-04 9.92899296e-04
 8.13880009e-04 6.49983758e-04 1.18819927e-04 4.60665557e-05
 3.89241833e-04 1.29494410e-04 1.30498870e-03 3.44910270e-03
 6.81589587e-05 3.92517510e-04 2.41380200e-05 3.85308320e-03
 7.09670589e-03 5.65155905e-03 1.37608557e-03 6.77751006e-04
 4.73674210e-04 1.33604741e-03 6.15953434e-05 4.39514983e-04
 1.00684900e-05 8.28766745e-03 1.42252796e-02 2.54591924e-03
 2.98234137e-03 2.30713835e-02 6.01949942e-03 2.10811634e-02
 3.60799612e-04 1.10997986e-04 1.12685993e-05 5.39182893e-05
 3.55540333e-04 6.88185536e-03 1.16871064e-02 4.62374385e-04
 2.03859706e-03 1.52505915e-06 6.61984211e-07 2.88453007e-04
 5.69451884e-03 9.52672694e-03 3.32545205e-02 1.62709797e-02
 4.55797923e-02 7.45361002e-03 1.65710630e-01 1.02956625e-01
 4.23222167e-02 1.06965781e-04 9.56366329e-04 1.88214853e-04
 7.04756954e-03 2.19985432e-03 8.65128925e-04 8.15926286e-04
 3.07614142e-03 6.99421690e-05 3.07696015e-03 3.52467057e-04
 1.01512278e-03 6.32925754e-04 5.11092353e-04 7.56854064e-04
 3.94457778e-04 5.51616989e-04 1.34202213e-04 1.16838173e-03
 9.03155953e-04 2.63571859e-07 6.78160428e-03 5.94938251e-03
 6.23245623e-03 5.93028170e-03 1.59014271e-02 1.17597571e-02
 1.23712506e-02 3.33772321e-02 8.58534765e-03 2.48090023e-02
 7.09716867e-03 1.86756980e-03 3.21394681e-03 5.40416830e-03
 4.20802507e-04 2.74183440e-03 1.24276054e-03 3.88351424e-06
 4.29481439e-04 5.18811744e-04 8.46648113e-04]"
