benchmark_1,benchmark_2,n_shared_models,corr,same_lineage,lineage
APEX Agents,ARC-AGI,5,0.41160917858158214,False,
APEX Agents,ARC-AGI-2,6,0.7158476913386518,False,
APEX Agents,Chess Puzzles,6,0.8494772260685566,False,
APEX Agents,FrontierMath,7,0.15314118885267286,False,
APEX Agents,FrontierMath Tier 4,6,-0.06911581511917961,False,
APEX Agents,GPQA Diamond,7,-0.03854167787846514,False,
APEX Agents,METR Time Horizons,5,0.35125997905742967,False,
APEX Agents,OTIS Mock AIME 2024-2025,6,0.26851695291080835,False,
APEX Agents,SWE-Bench Verified,5,0.8113955784720884,False,
APEX Agents,SimpleQA Verified,5,-0.6580962516493236,False,
APEX Agents,TerminalBench,7,-0.6678387214975284,False,
APEX Agents,VPCT,5,0.09053678044531918,False,
APEX Agents,WeirdML,5,-0.09632294547267847,False,
ARC (AI2),HellaSwag,7,0.29952902024443706,False,
ARC (AI2),OpenBookQA,10,0.7316957980369815,False,
ARC (AI2),PIQA,9,0.2069699532709218,False,
ARC (AI2),WinoGrande,7,0.4922655305796639,False,
ARC-AGI,ARC-AGI-2,17,0.6627112742883348,True,ARC-AGI
ARC-AGI,Aider Polyglot,7,0.5930172489911617,False,
ARC-AGI,Chess Puzzles,9,0.732589418305369,False,
ARC-AGI,FrontierMath,11,0.5255357498584349,False,
ARC-AGI,FrontierMath Tier 4,8,0.2129799460760283,False,
ARC-AGI,GPQA Diamond,12,0.24157954380098126,False,
ARC-AGI,GSO-Bench,5,0.9150427112784847,False,
ARC-AGI,MATH Level 5,8,0.4731597609519738,False,
ARC-AGI,METR Time Horizons,7,0.36237748157473226,False,
ARC-AGI,OTIS Mock AIME 2024-2025,12,-0.00200023607651506,False,
ARC-AGI,SimpleBench,8,0.2862568307996577,False,
ARC-AGI,SimpleQA Verified,6,0.15349515809741385,False,
ARC-AGI,VPCT,7,0.2039144178454353,False,
ARC-AGI,WeirdML,11,0.31250739225463764,False,
ARC-AGI-2,Aider Polyglot,7,-0.04437011286772967,False,
ARC-AGI-2,Chess Puzzles,10,0.764135458763767,False,
ARC-AGI-2,FrontierMath,11,0.39032821055913364,False,
ARC-AGI-2,FrontierMath Tier 4,8,0.5400199427481819,False,
ARC-AGI-2,GPQA Diamond,13,0.2745545203259789,False,
ARC-AGI-2,GSO-Bench,6,0.7620869990119579,False,
ARC-AGI-2,MATH Level 5,7,0.053331563085720596,False,
ARC-AGI-2,METR Time Horizons,7,-0.36321555020604346,False,
ARC-AGI-2,OTIS Mock AIME 2024-2025,13,0.10378341875872898,False,
ARC-AGI-2,SimpleBench,6,-0.03652575976294247,False,
ARC-AGI-2,SimpleQA Verified,6,-0.05113369875226193,False,
ARC-AGI-2,VPCT,6,0.5283321669078622,False,
ARC-AGI-2,WeirdML,8,0.8529064902059117,False,
Adversarial NLI,OpenBookQA,5,0.7545226637054954,False,
Aider Polyglot,CAD-Eval,7,0.6974695000907976,False,
Aider Polyglot,FrontierMath,8,0.12862865893221148,False,
Aider Polyglot,GPQA Diamond,9,0.40088430987455426,False,
Aider Polyglot,GSO-Bench,5,0.4507950378809366,False,
Aider Polyglot,Lech Mazur Writing,6,0.7790310935095655,False,
Aider Polyglot,LiveBench,10,0.506519630937928,False,
Aider Polyglot,MATH Level 5,10,0.5049843273736699,False,
Aider Polyglot,METR Time Horizons,7,0.4897137475813343,False,
Aider Polyglot,OTIS Mock AIME 2024-2025,7,0.6101302860336931,False,
Aider Polyglot,SimpleBench,8,0.5800761405938337,False,
Aider Polyglot,VPCT,7,-0.057724691841753266,False,
Aider Polyglot,WeirdML,6,0.9166808609145991,False,
BioLP-bench,GPQA Diamond Biology,7,0.23210830143942035,False,
BioLP-bench,GPQA Diamond Chemistry,12,0.16255629012661152,False,
BioLP-bench,LAB-Bench Cloning,11,0.02544287507551233,False,
BioLP-bench,LAB-Bench LitQA2,9,0.4511048287796171,False,
BioLP-bench,LAB-Bench Protocol,9,0.3326231156434124,False,
BioLP-bench,LAB-Bench SeqQA,13,-0.15962144962869235,False,
BioLP-bench,MMLU Pro Biology,13,0.1388503220491501,False,
BioLP-bench,MMLU Pro Chemistry,14,-0.08776537368549317,False,
BioLP-bench,WMDP Biology,13,0.01620174511920819,False,
BioLP-bench,WMDP Chemistry,11,0.25175809611962985,False,
CAD-Eval,FrontierMath,5,-0.04057321363277422,False,
CAD-Eval,METR Time Horizons,5,0.59213374164066,False,
CAD-Eval,VPCT,6,-0.04579212927451258,False,
Chess Puzzles,FrontierMath,9,0.6163921621044084,False,
Chess Puzzles,FrontierMath Tier 4,7,0.5493480015122842,False,
Chess Puzzles,GPQA Diamond,11,0.17371696571298761,False,
Chess Puzzles,GSO-Bench,5,0.14293075065317312,False,
Chess Puzzles,OTIS Mock AIME 2024-2025,11,0.4587731756033244,False,
Chess Puzzles,SimpleQA Verified,6,-0.7420552484135426,False,
Chess Puzzles,TerminalBench,5,-0.4752026542214201,False,
Chess Puzzles,VPCT,5,0.16365621750188816,False,
Chess Puzzles,WeirdML,6,0.4739512073225597,False,
Cybench,GSO-Bench,7,0.6618245113438297,False,
Cybench,METR Time Horizons,5,0.5540621904610344,False,
Cybench,OTIS Mock AIME 2024-2025,5,-0.3322209959214918,False,
Cybench,SWE-Bench Bash Only,5,0.4146903877157167,False,
Cybench,SimpleBench,5,0.05829698651970231,False,
Cybench,TerminalBench,5,0.6768505651216116,False,
EnigmaEval,Humanity's Last Exam,8,0.7776748470755966,False,
EnigmaEval,Visual Task Assessment (VISTA),7,0.007361139615163565,False,
Fiction.LiveBench,GPQA Diamond,5,0.8512923577390599,False,
Fiction.LiveBench,METR Time Horizons,5,0.27880934009238345,False,
Fiction.LiveBench,OTIS Mock AIME 2024-2025,5,0.8233382566661152,False,
FrontierMath,FrontierMath Tier 4,15,0.7572323151776826,True,FrontierMath
FrontierMath,GPQA Diamond,16,0.08846378587605437,False,
FrontierMath,GSO-Bench,7,0.1783434613666699,False,
FrontierMath,LiveBench,6,0.8426083165562723,False,
FrontierMath,MATH Level 5,11,0.24903049523898782,False,
FrontierMath,METR Time Horizons,8,0.45769345014218793,False,
FrontierMath,OTIS Mock AIME 2024-2025,14,0.12118063011500761,False,
FrontierMath,SimpleBench,6,-0.37229725659946034,False,
FrontierMath,SimpleQA Verified,5,-0.3766698474030678,False,
FrontierMath,VPCT,9,0.5735757722705875,False,
FrontierMath,WeirdML,11,0.3023900446466682,False,
FrontierMath Tier 4,GPQA Diamond,10,-0.0009873751714948747,False,
FrontierMath Tier 4,GSO-Bench,7,0.15253572300182,False,
FrontierMath Tier 4,MATH Level 5,6,-0.15263118816719326,False,
FrontierMath Tier 4,METR Time Horizons,6,-0.14799127302277257,False,
FrontierMath Tier 4,OTIS Mock AIME 2024-2025,11,0.17713108077931944,False,
FrontierMath Tier 4,SimpleBench,5,-0.18194759834303495,False,
FrontierMath Tier 4,VPCT,8,0.5105291551140186,False,
FrontierMath Tier 4,WeirdML,10,0.44869222559468463,False,
GDPVal,SWE-Bench Bash Only,6,0.7353800234177714,False,
GDPVal,SWE-Bench Verified,6,0.0534019834726592,False,
GDPVal,TerminalBench,5,-0.6462528955784334,False,
GPQA Diamond,GSO-Bench,6,0.15840947302913078,False,
GPQA Diamond,Lech Mazur Writing,5,0.0680960122227272,False,
GPQA Diamond,LiveBench,8,0.5062749018454116,False,
GPQA Diamond,MATH Level 5,20,0.6423982254534494,False,
GPQA Diamond,METR Time Horizons,14,0.568366177015588,False,
GPQA Diamond,OTIS Mock AIME 2024-2025,26,0.5007500637256442,False,
GPQA Diamond,SimpleBench,11,0.5815638307782336,False,
GPQA Diamond,SimpleQA Verified,7,0.44363198761715844,False,
GPQA Diamond,TerminalBench,5,-0.1629812807208002,False,
GPQA Diamond,VPCT,8,0.5868294610747808,False,
GPQA Diamond,WeirdML,14,0.5215589940417442,False,
GPQA Diamond Biology,GPQA Diamond Chemistry,7,0.20330164644970447,True,GPQA Diamond
GPQA Diamond Biology,LAB-Bench Cloning,5,0.8125518985639002,False,
GPQA Diamond Biology,LAB-Bench LitQA2,5,0.6371317595789113,False,
GPQA Diamond Biology,LAB-Bench Protocol,7,0.5036636139909231,False,
GPQA Diamond Biology,LAB-Bench SeqQA,7,-0.0056252218498783904,False,
GPQA Diamond Biology,MMLU Pro Biology,7,0.1993077112885538,False,
GPQA Diamond Biology,MMLU Pro Chemistry,8,-0.28175429097344806,False,
GPQA Diamond Biology,WMDP Biology,8,0.5554756340258987,False,
GPQA Diamond Biology,WMDP Chemistry,7,0.29423994351572885,False,
GPQA Diamond Chemistry,LAB-Bench Cloning,9,0.012947977268884197,False,
GPQA Diamond Chemistry,LAB-Bench LitQA2,11,0.42675274098406357,False,
GPQA Diamond Chemistry,LAB-Bench Protocol,10,0.14589587050961966,False,
GPQA Diamond Chemistry,LAB-Bench SeqQA,12,0.46820302786037926,False,
GPQA Diamond Chemistry,MMLU Pro Biology,13,0.14067455660786765,False,
GPQA Diamond Chemistry,MMLU Pro Chemistry,16,0.2014400256982838,False,
GPQA Diamond Chemistry,WMDP Biology,14,0.19541794312921923,False,
GPQA Diamond Chemistry,WMDP Chemistry,15,0.6837955679610181,False,
GSM8K,HellaSwag,7,0.6888342756726845,False,
GSO-Bench,METR Time Horizons,7,0.00963972437869802,False,
GSO-Bench,OTIS Mock AIME 2024-2025,6,0.6015943441247812,False,
GSO-Bench,SWE-Bench Bash Only,7,-0.008837487672302715,False,
GSO-Bench,SWE-Bench Verified,7,0.10690465055331574,False,
GSO-Bench,SimpleBench,7,-0.4917536320406124,False,
GSO-Bench,TerminalBench,5,-0.25668987551686895,False,
GSO-Bench,VPCT,7,-0.005562182443651409,False,
GSO-Bench,WeirdML,7,0.7231764850974636,False,
GeoBench,SWE-Bench Bash Only,5,0.15735363600783345,False,
GeoBench,VPCT,6,-0.4459443318576303,False,
HellaSwag,OpenBookQA,7,0.12353672980907714,False,
HellaSwag,PIQA,9,0.5928825895377494,False,
HellaSwag,WinoGrande,11,0.037990832170326574,False,
Humanity's Last Exam,MultiNRC,5,0.6555806025081435,False,
Humanity's Last Exam,Visual Task Assessment (VISTA),6,0.38394346290913917,False,
LAB-Bench Cloning,LAB-Bench LitQA2,7,0.7188380824630722,True,LAB-Bench
LAB-Bench Cloning,LAB-Bench Protocol,7,0.49040859593883007,True,LAB-Bench
LAB-Bench Cloning,LAB-Bench SeqQA,9,0.2202993727838894,True,LAB-Bench
LAB-Bench Cloning,MMLU Pro Biology,10,0.5084108850746998,False,
LAB-Bench Cloning,MMLU Pro Chemistry,10,0.21408694864863131,False,
LAB-Bench Cloning,WMDP Biology,9,0.5114321814756643,False,
LAB-Bench Cloning,WMDP Chemistry,10,0.011818588160390123,False,
LAB-Bench LitQA2,LAB-Bench Protocol,10,0.6923564434822812,True,LAB-Bench
LAB-Bench LitQA2,LAB-Bench SeqQA,10,0.34528344497572205,True,LAB-Bench
LAB-Bench LitQA2,MMLU Pro Biology,10,0.6749129955648008,False,
LAB-Bench LitQA2,MMLU Pro Chemistry,10,0.40431439171479583,False,
LAB-Bench LitQA2,WMDP Biology,11,0.5806643134935903,False,
LAB-Bench LitQA2,WMDP Chemistry,10,0.072274620964339,False,
LAB-Bench Protocol,LAB-Bench SeqQA,10,0.5521966842024225,True,LAB-Bench
LAB-Bench Protocol,MMLU Pro Biology,11,0.8661580639360766,False,
LAB-Bench Protocol,MMLU Pro Chemistry,11,0.832960861619866,False,
LAB-Bench Protocol,WMDP Biology,12,0.6393197712799873,False,
LAB-Bench Protocol,WMDP Chemistry,11,0.3711377722948725,False,
LAB-Bench SeqQA,MMLU Pro Biology,12,0.6238510246347102,False,
LAB-Bench SeqQA,MMLU Pro Chemistry,12,0.46489474334696956,False,
LAB-Bench SeqQA,WMDP Biology,14,0.43746399770985367,False,
LAB-Bench SeqQA,WMDP Chemistry,11,0.04048221273310675,False,
Lech Mazur Writing,METR Time Horizons,5,-0.12729419519786409,False,
Lech Mazur Writing,OTIS Mock AIME 2024-2025,6,-0.7570590716358119,False,
Lech Mazur Writing,VPCT,5,-0.4428395391179047,False,
LiveBench,MATH Level 5,7,0.39095159265465,False,
LiveBench,OTIS Mock AIME 2024-2025,7,0.4518892449872863,False,
LiveBench,SimpleBench,6,0.2540513150698461,False,
LiveBench,WeirdML,6,0.41152259020033405,False,
MATH Level 5,METR Time Horizons,11,0.3564268514258944,False,
MATH Level 5,OTIS Mock AIME 2024-2025,22,0.4797801742350619,False,
MATH Level 5,SimpleBench,7,0.33095901776119163,False,
MATH Level 5,VPCT,6,-0.2995222863604951,False,
MATH Level 5,WeirdML,11,-0.05969273616015728,False,
METR Time Horizons,OTIS Mock AIME 2024-2025,13,0.23023982044541846,False,
METR Time Horizons,SWE-Bench Bash Only,7,-0.4503342381271518,False,
METR Time Horizons,SWE-Bench Verified,7,-0.5515399217619925,False,
METR Time Horizons,SimpleBench,9,0.0010010159303559822,False,
METR Time Horizons,TerminalBench,6,0.0942247689196206,False,
METR Time Horizons,VPCT,10,-0.02654131593341766,False,
METR Time Horizons,WeirdML,10,0.05717884359557781,False,
MMLU Pro Biology,MMLU Pro Chemistry,15,0.7978935580337359,True,MMLU Pro
MMLU Pro Biology,WMDP Biology,15,0.7883809102377601,False,
MMLU Pro Biology,WMDP Chemistry,13,0.41992772660785976,False,
MMLU Pro Chemistry,WMDP Biology,15,0.4622403725750517,False,
MMLU Pro Chemistry,WMDP Chemistry,15,0.5254396732426619,False,
OS World (Screenshot),SWE-Bench Bash Only,5,-0.19614844574129117,False,
OTIS Mock AIME 2024-2025,SimpleBench,8,0.23550283810792044,False,
OTIS Mock AIME 2024-2025,SimpleQA Verified,9,0.3136940198580189,False,
OTIS Mock AIME 2024-2025,TerminalBench,6,0.25264571581169976,False,
OTIS Mock AIME 2024-2025,VPCT,9,-0.02058001823043352,False,
OTIS Mock AIME 2024-2025,WeirdML,16,0.22924885512989865,False,
OpenBookQA,PIQA,9,0.2834129249144291,False,
OpenBookQA,WinoGrande,6,-0.4334231853226896,False,
PIQA,WinoGrande,9,0.004271283121448741,False,
PRBench Finance,PRBench Legal,9,0.9880794366418318,True,PRBench
PostTrainBench,TerminalBench,5,-0.18514711052941718,False,
SWE-Bench Bash Only,SWE-Bench Verified,9,0.7749628462422026,True,SWE-Bench
SWE-Bench Bash Only,The Agent Company,5,0.8857916187383343,False,
SWE-Bench Bash Only,VPCT,7,-0.2094927739541248,False,
SWE-Bench Verified,SimpleBench,5,-0.9003742611966068,False,
SWE-Bench Verified,TerminalBench,5,-0.9105061396364621,False,
SWE-Bench Verified,VPCT,8,-0.2681042968119241,False,
SimpleBench,TerminalBench,6,0.5575973750236333,False,
SimpleBench,VPCT,5,0.7734495165394835,False,
SimpleBench,WeirdML,9,0.6182202919139564,False,
VPCT,WeirdML,6,0.6616171827582895,False,
WMDP Biology,WMDP Chemistry,16,0.5341493389572814,True,WMDP
